datetime,actual,prediction,MAPE (%),RMSE (MW)
7/1/2024 23:00,26113.28,26108.455,0.018476889,4.824921875
7/1/2024 23:30,25734.32,25659.822,0.289487868,74.49773437
7/1/2024 23:59,25037.22,25245.021,0.829970278,207.8014844
7/2/2024 0:30,24722.43,24648.326,0.299743302,74.10382813
7/2/2024 1:00,24484.18,24404.379,0.325929207,79.80109375
7/2/2024 1:30,24308.47,24194.254,0.469861302,114.2160938
7/2/2024 2:00,24045.37,23698.219,1.443734282,347.15125
7/2/2024 2:30,23830.5,23573.656,1.077794213,256.84375
7/2/2024 3:00,23593.44,23372.494,0.936471576,220.9458594
7/2/2024 3:30,23502.98,23424.42,0.334255818,78.56007812
7/2/2024 4:00,23567.36,23524.174,0.183245692,43.18617188
7/2/2024 4:30,24002.33,23935.857,0.276942189,66.47257813
7/2/2024 5:00,24420.41,24024.447,1.621441796,395.9627344
7/2/2024 5:30,24894.93,24357.87,2.157310181,537.0608594
7/2/2024 6:00,24894.03,23851.695,4.187086974,1042.334687
7/2/2024 6:30,24837.2,23746.582,4.3910665,1090.617969
7/2/2024 7:00,25095.66,23501.879,6.350823584,1593.781094
7/2/2024 7:30,26017.53,24309.219,6.566000885,1708.31125
7/2/2024 8:00,27008.46,26468.818,1.998046688,539.6416406
7/2/2024 8:30,28072.26,27453.465,2.204294048,618.7951562
7/2/2024 9:00,28591.04,27846.844,2.602900244,744.19625
7/2/2024 9:30,28926.83,28390.273,1.854875085,536.5565625
7/2/2024 10:00,29228.84,28739.852,1.672965597,488.9884375
7/2/2024 10:30,29360.15,29034.041,1.110719749,326.1089844
7/2/2024 11:00,29415.09,29094.26,1.090699482,320.8302344
7/2/2024 11:30,29152.78,29110.58,0.144754366,42.19992187
7/2/2024 12:00,28172.32,28461.143,1.025199835,288.8225781
7/2/2024 12:30,27930.64,28421.82,1.758571635,491.1803125
7/2/2024 13:00,28621.55,29113.594,1.719137328,492.04375
7/2/2024 13:30,29596.1,29809.105,0.719707896,213.0054688
7/2/2024 14:00,29654.76,30491.883,2.822895254,837.1228125
7/2/2024 14:30,29644.24,30535.082,3.005110036,890.8420312
7/2/2024 15:00,29342.59,30741.127,4.766235541,1398.536953
7/2/2024 15:30,29389.53,30811.299,4.837671198,1421.768828
7/2/2024 16:00,29006.21,30526.979,5.242906659,1520.768516
7/2/2024 16:30,28802.64,30516.398,5.950004713,1713.758438
7/2/2024 17:00,28707.91,30223.215,5.278353052,1515.304844
7/2/2024 17:30,29276.38,30641.938,4.66436595,1365.5575
7/2/2024 18:00,29840.06,30726.238,2.969760387,886.1782812
7/2/2024 18:30,29509.28,30425.75,3.105700986,916.47
7/2/2024 19:00,29293.18,30447.83,3.941702738,1154.650078
7/2/2024 19:30,29096.63,30324.498,4.219966528,1227.868047
7/2/2024 20:00,28843.07,30081.666,4.294258606,1238.596016
7/2/2024 20:30,28600.37,29832.021,4.306418009,1231.651484
7/2/2024 21:00,28203.41,29579.268,4.878337684,1375.857578
7/2/2024 21:30,27702.07,29147.18,5.216612648,1445.109688
7/2/2024 22:00,27041.49,28189.316,4.244686244,1147.826406
7/2/2024 22:30,26558.01,27697.598,4.290937673,1139.587656
7/2/2024 23:00,25963.31,27066.818,4.250260692,1103.508359
7/2/2024 23:30,25606.51,26553.693,3.698994355,947.1833594
7/2/2024 23:59,25064.59,26097.762,4.12203718,1033.171719
7/3/2024 0:30,24736.41,25796.26,4.284573896,1059.849766
7/3/2024 1:00,24454.05,25499.271,4.274226496,1045.221484
7/3/2024 1:30,24281.55,25280.086,4.112323709,998.5359375
7/3/2024 2:00,23931.28,24883.363,3.978405172,952.0832813
7/3/2024 2:30,23773.04,24708.959,3.936892313,935.9189844
7/3/2024 3:00,23540.31,24518.064,4.153532613,977.7544531
7/3/2024 3:30,23491.13,24500.37,4.296256249,1009.239141
7/3/2024 4:00,23531.11,24494.37,4.093555895,963.2591406
7/3/2024 4:30,23962.43,24868.826,3.782572017,906.3961719
7/3/2024 5:00,24396.17,25528.691,4.642209848,1132.521406
7/3/2024 5:30,24938.54,25834.178,3.591379986,895.6377344
7/3/2024 6:00,24701.17,25462.055,3.080358896,760.8846875
7/3/2024 6:30,24820.33,25333.467,2.067405215,513.1367969
7/3/2024 7:00,25052.07,25309.516,1.027642127,257.445625
7/3/2024 7:30,26064.39,26075.182,0.041403772,10.79164063
7/3/2024 8:00,26969.68,27229.424,0.963095699,259.7438281
7/3/2024 8:30,28044.29,28152.488,0.385812161,108.1982812
7/3/2024 9:00,28532.6,28833.578,1.054856988,300.978125
7/3/2024 9:30,28867.64,29409.57,1.877293442,541.9303125
7/3/2024 10:00,29290.6,29559.29,0.917321811,268.6890625
7/3/2024 10:30,29460.04,29844.338,1.30447172,384.2978906
7/3/2024 11:00,29437.4,30036.88,2.036459943,599.4808594
7/3/2024 11:30,29324.3,30030.889,2.409567055,706.5886719
7/3/2024 12:00,28316.85,29289.166,3.433701191,972.3160156
7/3/2024 12:30,28338.1,29200.031,3.04159859,861.93125
7/3/2024 13:00,29050.94,29777.92,2.502431666,726.9799219
7/3/2024 13:30,30079.58,30461.56,1.269899869,381.9805469
7/3/2024 14:00,30030.21,30096.387,0.220367153,66.17671875
7/3/2024 14:30,29905.91,30146.35,0.803986936,240.4396094
7/3/2024 15:00,29708.28,29968.727,0.876680045,260.4465625
7/3/2024 15:30,29736.55,30069.25,1.11882515,332.7
7/3/2024 16:00,29298.14,29921.488,2.1276036,623.3482813
7/3/2024 16:30,28894.37,29886.291,3.432921416,991.9210156
7/3/2024 17:00,28693.95,29680.371,3.437731974,986.4210937
7/3/2024 17:30,29224.14,30098.459,2.991769764,874.3189844
7/3/2024 18:00,29561.44,30418.076,2.897816114,856.6361719
7/3/2024 18:30,29176.27,30180.402,3.441606291,1004.132344
7/3/2024 19:00,28929.39,29876.055,3.272328547,946.6646875
7/3/2024 19:30,28809.78,29735.934,3.214719424,926.1535938
7/3/2024 20:00,28598.59,29711.729,3.892284604,1113.138516
7/3/2024 20:30,28248.21,29488.787,4.391701667,1240.577109
7/3/2024 21:00,27902.44,29221.074,4.72587422,1318.634219
7/3/2024 21:30,27433.48,28835.91,5.112111756,1402.430156
7/3/2024 22:00,26835.52,27812.969,3.64236933,977.44875
7/3/2024 22:30,26386.18,27347.953,3.644988115,961.773125
7/3/2024 23:00,25706.84,26754.367,4.074896749,1047.527187
7/3/2024 23:30,25437.03,26267.945,3.266557898,830.9153125
7/3/2024 23:59,24825.38,25798.777,3.920976612,973.3973437
7/4/2024 0:30,24524.02,25280.367,3.084107693,756.3471875
7/4/2024 1:00,24306.32,25181.787,3.601808539,875.4671094
7/4/2024 1:30,24106.46,24986.164,3.649246146,879.7040625
7/4/2024 2:00,23838.9,24427.93,2.470876121,589.0296875
7/4/2024 2:30,23608.36,24251.742,2.725230332,643.3821875
7/4/2024 3:00,23416.96,24011.178,2.537552844,594.2177344
7/4/2024 3:30,23387.67,24037.525,2.77862391,649.8553906
7/4/2024 4:00,23423.44,24172.791,3.199150149,749.3510156
7/4/2024 4:30,23756.87,24548.424,3.331894429,791.5538281
7/4/2024 5:00,24350.22,24990.607,2.62990405,640.3874219
7/4/2024 5:30,24859.67,25288.084,1.72332933,428.4139844
7/4/2024 6:00,24760.12,25016.977,1.03738012,256.8565625
7/4/2024 6:30,24776.12,24917.527,0.57074047,141.4073438
7/4/2024 7:00,25013.08,24688.484,1.297703542,324.595625
7/4/2024 7:30,26045.47,25480.68,2.168478098,564.7903125
7/4/2024 8:00,27006.61,26841.496,0.61138331,165.1139063
7/4/2024 8:30,27973.5,27800.902,0.617004151,172.5976563
7/4/2024 9:00,28562.59,28073.06,1.713883276,489.5294531
7/4/2024 9:30,28879.18,28656.36,0.771561467,222.820625
7/4/2024 10:00,29167.07,29154.854,0.04188451,12.21648437
7/4/2024 10:30,29280.42,29449.094,0.576063287,168.67375
7/4/2024 11:00,29180.4,29192.686,0.042102051,12.28554687
7/4/2024 11:30,29007.73,29182.361,0.602016525,174.6313281
7/4/2024 12:00,27967.21,28710.13,2.656399617,742.9208594
7/4/2024 12:30,27777.95,28614.748,3.012454292,836.7980469
7/4/2024 13:00,28441.2,29458.463,3.57672282,1017.262891
7/4/2024 13:30,29390.25,30147.79,2.577518267,757.5390625
7/4/2024 14:00,29345.35,29975.387,2.146972923,630.0367188
7/4/2024 14:30,29169.17,29951.79,2.683035076,782.6190625
7/4/2024 15:00,28669.05,30000.986,4.645903258,1331.936328
7/4/2024 15:30,28807.63,30054.836,4.329429174,1247.205937
7/4/2024 16:00,28563.71,29751.83,4.159543974,1188.120078
7/4/2024 16:30,28534.33,29765.443,4.314498919,1231.113359
7/4/2024 17:00,28460.33,29634.781,4.126625552,1174.45125
7/4/2024 17:30,28802.67,30103.1,4.514962014,1300.429609
7/4/2024 18:00,28903.41,30367.533,5.065572551,1464.123203
7/4/2024 18:30,28398.39,30140.484,6.134482888,1742.094375
7/4/2024 19:00,28240.46,29986.682,6.183403672,1746.221641
7/4/2024 19:30,28076.42,29874.68,6.404875292,1798.259688
7/4/2024 20:00,27818.46,29739.32,6.904984361,1920.860313
7/4/2024 20:30,27559.87,29545.123,7.20341949,1985.253047
7/4/2024 21:00,27178.52,28836.479,6.100253125,1657.958516
7/4/2024 21:30,26618.01,28446.004,6.867507775,1827.993906
7/4/2024 22:00,25939.07,27730.174,6.905042579,1791.103828
7/4/2024 22:30,25602.01,27273.82,6.529996326,1671.810313
7/4/2024 23:00,24999.08,26557.166,6.232573421,1558.086016
7/4/2024 23:30,24566.93,26111.9,6.288821561,1544.970391
7/4/2024 23:59,24101.06,25682.342,6.56104668,1581.281797
7/5/2024 0:30,23757.64,25290.24,6.450978441,1532.600234
7/5/2024 1:00,23459.96,25046.37,6.76219883,1586.409141
7/5/2024 1:30,23339.85,24836.447,6.412197446,1496.597266
7/5/2024 2:00,23169.48,24460.377,5.571540462,1290.896953
7/5/2024 2:30,22842.71,24295.236,6.358817882,1452.526328
7/5/2024 3:00,22680.86,24148.941,6.472776633,1468.081406
7/5/2024 3:30,22647.75,24162.299,6.687414106,1514.548828
7/5/2024 4:00,22585.63,24184.725,7.080141707,1599.094609
7/5/2024 4:30,23182.76,24536.086,5.837639425,1353.325938
7/5/2024 5:00,23584.34,25067.441,6.288500786,1483.101406
7/5/2024 5:30,24214.25,25336.492,4.634635339,1122.242188
7/5/2024 6:00,24116.75,24994.504,3.639602792,877.7539063
7/5/2024 6:30,24092.12,24880.201,3.271115916,788.0811719
7/5/2024 7:00,24253.31,25095.33,3.471773866,842.0200781
7/5/2024 7:30,25460.06,25710.717,0.984509844,250.6567969
7/5/2024 8:00,26175.02,27302.965,4.309241574,1127.944844
7/5/2024 8:30,27297.19,28236.943,3.442674354,939.7533594
7/5/2024 9:00,27820.64,28371.574,1.980307494,550.9342188
7/5/2024 9:30,28264.2,28888.936,2.210342224,624.7355469
7/5/2024 10:00,28632.17,29416.531,2.739440462,784.36125
7/5/2024 10:30,28943.72,29687.03,2.568119429,743.3092969
7/5/2024 11:00,28744.92,29159.215,1.441280211,414.2948438
7/5/2024 11:30,27949.8,29153.898,4.308075326,1204.098438
7/5/2024 12:00,26596.73,28251.498,6.221697355,1654.768047
7/5/2024 12:30,26268.36,28110.348,7.012191306,1841.987656
7/5/2024 13:00,27299.55,29505.78,8.081559208,2206.229297
7/5/2024 13:30,28931.35,30193.943,4.364101085,1262.593359
7/5/2024 14:00,28892.93,30263.102,4.742238196,1370.171562
7/5/2024 14:30,28805.51,30270.385,5.085397778,1464.874766
7/5/2024 15:00,28546.48,29781.885,4.327695624,1235.404766
7/5/2024 15:30,28542.67,29901.367,4.760231567,1358.697188
7/5/2024 16:00,28200.98,29964.545,6.253558996,1763.564922
7/5/2024 16:30,27890.85,29978.914,7.486555851,2088.064063
7/5/2024 17:00,27865.81,29611.557,6.264833646,1745.746641
7/5/2024 17:30,28468.53,29952.732,5.213484581,1484.202422
7/5/2024 18:00,28869.62,30431.912,5.411543724,1562.292109
7/5/2024 18:30,28477.77,30187.22,6.002754791,1709.450703
7/5/2024 19:00,28272.14,30067.03,6.348614915,1794.889297
7/5/2024 19:30,28140.35,29920.607,6.326351385,1780.257422
7/5/2024 20:00,27870.06,29672.693,6.467992388,1802.633359
7/5/2024 20:30,27662.07,29464.668,6.516497026,1802.597969
7/5/2024 21:00,27220.44,28693.719,5.412398734,1473.27875
7/5/2024 21:30,26756.86,28137.254,5.159028026,1380.393906
7/5/2024 22:00,26165.22,27392.598,4.690874589,1227.377656
7/5/2024 22:30,25617.9,26785.545,4.557925989,1167.644922
7/5/2024 23:00,25046.62,26374.29,5.300791334,1327.669063
7/5/2024 23:30,24522.48,25811.832,5.257837018,1289.352031
7/5/2024 23:59,24016.77,25507.607,6.207485111,1490.837422
7/6/2024 0:30,23774.98,25116.926,5.644361346,1341.945781
7/6/2024 1:00,23414.92,24888.043,6.291385872,1473.122969
7/6/2024 1:30,23299.42,24658.158,5.831639599,1358.738203
7/6/2024 2:00,23080.16,24293.611,5.257551629,1213.451328
7/6/2024 2:30,22753.06,24108.508,5.957211085,1355.447812
7/6/2024 3:00,22580.88,23958.047,6.098818447,1377.166875
7/6/2024 3:30,22516.72,23934.545,6.296764901,1417.824922
7/6/2024 4:00,22492.85,24123.268,7.248603792,1630.417578
7/6/2024 4:30,22908.09,24381.025,6.429760799,1472.935391
7/6/2024 5:00,23174.83,24733.082,6.723898433,1558.252031
7/6/2024 5:30,23503.24,24902.639,5.954067064,1399.398672
7/6/2024 6:00,23303.33,24329.72,4.404480832,1026.390703
7/6/2024 6:30,22997.23,24070.557,4.667199661,1073.326641
7/6/2024 7:00,22785.47,24188.838,6.159047369,1403.367891
7/6/2024 7:30,23279.22,24539.219,5.412547113,1259.99875
7/6/2024 8:00,23820.37,25125.152,5.477590582,1304.782344
7/6/2024 8:30,24707.51,25751.406,4.225015997,1043.89625
7/6/2024 9:00,25133.25,25866.828,2.918755533,733.578125
7/6/2024 9:30,25573.81,26287.717,2.791554316,713.9067969
7/6/2024 10:00,25875.66,26383.281,1.961771217,507.62125
7/6/2024 10:30,25895.85,26660.574,2.953076338,764.7242188
7/6/2024 11:00,25761.65,26715.453,3.702414733,953.803125
7/6/2024 11:30,25566.05,26832.38,4.953173679,1266.330859
7/6/2024 12:00,24698.55,26565.307,7.558162891,1866.756641
7/6/2024 12:30,24335.99,26599.639,9.301650238,2263.648672
7/6/2024 13:00,24389.3,26824.56,9.98495466,2435.260547
7/6/2024 13:30,24725.86,27303.9,10.42649433,2578.040391
7/6/2024 14:00,24559.9,27265.1,11.01470124,2705.199609
7/6/2024 14:30,24404.42,27299.54,11.86309309,2895.119063
7/6/2024 15:00,24190.53,27243.916,12.62223695,3053.386016
7/6/2024 15:30,24228.12,27340.691,12.84693739,3112.571406
7/6/2024 16:00,24054.86,27008.168,12.27738581,2953.307969
7/6/2024 16:30,24146.34,27127.191,12.34494092,2980.851406
7/6/2024 17:00,24371.86,27178.447,11.51568762,2806.587266
7/6/2024 17:30,25101.69,27717.104,10.41927263,2615.413516
7/6/2024 18:00,25787.18,28465.615,10.38669306,2678.435234
7/6/2024 18:30,25566.13,28298.934,10.68915629,2732.803594
7/6/2024 19:00,25302.3,28009.352,10.69883593,2707.051563
7/6/2024 19:30,25079.54,27895.678,11.22882531,2816.137734
7/6/2024 20:00,24795.38,27729.184,11.8320574,2933.803594
7/6/2024 20:30,24562.54,27548.82,12.15786442,2986.280312
7/6/2024 21:00,24154.88,27073.92,12.08467987,2919.039922
7/6/2024 21:30,23726.68,26595.08,12.08934448,2868.400078
7/6/2024 22:00,23115.27,25983.37,12.40781155,2868.099141
7/6/2024 22:30,22607.61,25451.422,12.57900271,2843.811875
7/6/2024 23:00,22074.9,25110.936,13.75333771,3036.035547
7/6/2024 23:30,21677.64,24553.285,13.26548995,2875.645156
7/6/2024 23:59,21263.08,24238.516,13.99343663,2975.435625
7/7/2024 0:30,20922.4,24069.734,15.04289362,3147.334375
7/7/2024 1:00,20800.37,23801.686,14.429145,3001.315547
7/7/2024 1:30,20598.62,23614.996,14.64358337,3016.376094
7/7/2024 2:00,20417.82,23163.107,13.4455462,2745.287422
7/7/2024 2:30,20151.51,23021.2,14.24056668,2869.689219
7/7/2024 3:00,19939.78,22774.541,14.21661129,2834.761016
7/7/2024 3:30,19879.01,22789.736,14.64220969,2910.726328
7/7/2024 4:00,19907.21,22835.617,14.7102843,2928.407188
7/7/2024 4:30,20184.22,23120.781,14.54879728,2936.56125
7/7/2024 5:00,20499.02,23163.416,12.99767509,2664.396016
7/7/2024 5:30,20782.27,23384.633,12.52203351,2602.362812
7/7/2024 6:00,20338.37,22616.248,11.19990465,2277.878047
7/7/2024 6:30,19781.92,22331.35,12.88767526,2549.429609
7/7/2024 7:00,19583.34,22183.363,13.27671011,2600.023281
7/7/2024 7:30,19420.7,22411.982,15.40254688,2991.282422
7/7/2024 8:00,19678.34,22069.178,12.14959054,2390.837734
7/7/2024 8:30,19954.21,22613.838,13.32865541,2659.627891
7/7/2024 9:00,20188.5,22728.125,12.57956262,2539.625
7/7/2024 9:30,20409.14,23013.18,12.75918381,2604.039688
7/7/2024 10:00,20705.44,23491.846,13.4573605,2786.405703
7/7/2024 10:30,20787.27,23702.982,14.02643263,2915.712422
7/7/2024 11:00,20903.71,23883.02,14.25253953,2979.309531
7/7/2024 11:30,20950.23,23746.676,13.34804334,2796.445781
7/7/2024 12:00,20758.96,23863.766,14.95646037,3104.805625
7/7/2024 12:30,20800.57,23884.855,14.82788918,3084.285469
7/7/2024 13:00,20958.3,23726.596,13.20858897,2768.295703
7/7/2024 13:30,21325.34,24162.537,13.30434642,2837.197109
7/7/2024 14:00,21274.83,24288.904,14.16732494,3014.074297
7/7/2024 14:30,21367.64,24361.186,14.00971538,2993.545547
7/7/2024 15:00,21370.59,24547.303,14.86488082,3176.712734
7/7/2024 15:30,21600.94,24731.023,14.49049642,3130.083438
7/7/2024 16:00,21750.63,24641.014,13.28873542,2890.383672
7/7/2024 16:30,22032.66,24812.895,12.61869666,2780.234531
7/7/2024 17:00,22328.26,25330.79,13.44721471,3002.529063
7/7/2024 17:30,23332.84,26051.5,11.65164635,2718.66
7/7/2024 18:00,24815.02,27389.154,10.37329124,2574.134297
7/7/2024 18:30,24846.89,27300.506,9.874941529,2453.615859
7/7/2024 19:00,24621.89,27075.146,9.963721243,2453.256484
7/7/2024 19:30,24415.23,26980.678,10.50757144,2565.447734
7/7/2024 20:00,24235.34,26701.873,10.17742292,2466.533047
7/7/2024 20:30,24079.6,26518.611,10.12895284,2439.011328
7/7/2024 21:00,23787.53,26276.568,10.46362678,2489.038359
7/7/2024 21:30,23348.89,25774.748,10.38960759,2425.858047
7/7/2024 22:00,22975.58,25339.549,10.28904963,2363.968828
7/7/2024 22:30,22517.5,24823.195,10.23957061,2305.695313
7/7/2024 23:00,22138.03,24456.55,10.47302213,2318.520781
7/7/2024 23:30,21720.86,23971.71,10.36262348,2250.850937
7/7/2024 23:59,21234.03,23622.371,11.24770519,2388.341094
7/8/2024 0:30,21093.04,22930.682,8.712075835,1837.641641
7/8/2024 1:00,20764.12,23126.242,11.37598024,2362.122188
7/8/2024 1:30,20555.99,22966.344,11.72579744,2410.35375
7/8/2024 2:00,20396.82,22374.43,9.69567652,1977.609688
7/8/2024 2:30,20217.32,22210.375,9.858156274,1993.055
7/8/2024 3:00,20050.21,21935.256,9.401626514,1885.045859
7/8/2024 3:30,20073.21,21933.473,9.26739,1860.262656
7/8/2024 4:00,20093.95,22115.291,10.05945081,2021.341016
7/8/2024 4:30,20594.95,22530.29,9.397153489,1935.339062
7/8/2024 5:00,21188.96,23265.14,9.798407402,2076.180625
7/8/2024 5:30,21815.72,23675.754,8.526117434,1860.033906
7/8/2024 6:00,21997.87,23443.957,6.573759329,1446.087031
7/8/2024 6:30,22440.52,23418.521,4.358194393,978.0014844
7/8/2024 7:00,23039.9,23933.584,3.878853573,893.6839844
7/8/2024 7:30,24388.36,24513.92,0.514835446,125.5599219
7/8/2024 8:00,25382.51,25897.924,2.030586526,515.4138281
7/8/2024 8:30,26677.42,26955.123,1.040966656,277.7030469
7/8/2024 9:00,27351.53,26880.168,1.723347949,471.3620312
7/8/2024 9:30,27871.71,27439.346,1.55126577,432.3642969
7/8/2024 10:00,28288.31,27786.885,1.772552812,501.4252344
7/8/2024 10:30,28596.4,28068.148,1.847265958,528.2515625
7/8/2024 11:00,28639.71,28513.121,0.442004847,126.5889062
7/8/2024 11:30,28558.72,28453.889,0.367072922,104.8313281
7/8/2024 12:00,27692.97,27618.877,0.267551826,74.09304688
7/8/2024 12:30,27550.22,27642.709,0.335710511,92.48898437
7/8/2024 13:00,28290.14,27722.912,2.005037411,567.2278906
7/8/2024 13:30,29352.23,28471.834,2.999417815,880.3960156
7/8/2024 14:00,29356.37,28278.824,3.670568879,1077.545781
7/8/2024 14:30,29366.61,28269.97,3.734306741,1096.639297
7/8/2024 15:00,29240.75,28624.662,2.106949687,616.0878906
7/8/2024 15:30,29355.52,28637.26,2.446763792,718.2602344
7/8/2024 16:00,28889.46,28113.621,2.685543123,775.8389062
7/8/2024 16:30,28701.42,28010.928,2.405777364,690.4922656
7/8/2024 17:00,28615.68,28058.71,1.94637717,556.9690625
7/8/2024 17:30,29000.59,28605.23,1.363280993,395.3595313
7/8/2024 18:00,29607.89,29196.977,1.387851135,410.9134375
7/8/2024 18:30,29246.37,28961.416,0.974322572,284.9539844
7/8/2024 19:00,28992.5,28736.281,0.883741485,256.21875
7/8/2024 19:30,28836.49,28575.912,0.903639419,260.5778906
7/8/2024 20:00,28398.31,28288.766,0.385742585,109.544375
7/8/2024 20:30,28049.9,28041.965,0.028289428,7.93515625
7/8/2024 21:00,27587.5,27892.676,1.106210353,305.1757813
7/8/2024 21:30,27090.28,27454.086,1.342939008,363.8059375
7/8/2024 22:00,26442.36,26765.469,1.221936128,323.10875
7/8/2024 22:30,26038.94,26251.334,0.815678305,212.3939844
7/8/2024 23:00,25314.62,25700.89,1.52587961,386.270625
7/8/2024 23:30,24798.02,25133.078,1.351148701,335.058125
7/8/2024 23:59,24501.51,24586.812,0.348152012,85.3025
7/9/2024 0:30,24209.07,24829.152,2.561363752,620.0823438
7/9/2024 1:00,23948.39,24507.727,2.335591505,559.3365625
7/9/2024 1:30,23726.46,24355.951,2.653118804,629.4911719
7/9/2024 2:00,23364.31,24128.514,3.270816351,764.2036719
7/9/2024 2:30,23234.56,23979.652,3.206827862,745.0923437
7/9/2024 3:00,23016.05,23867.682,3.700164192,851.6316406
7/9/2024 3:30,22947.47,23885.47,4.087599649,938.0007031
7/9/2024 4:00,22904.98,23931.26,4.480596646,1026.279766
7/9/2024 4:30,23266.42,24338.719,4.608782744,1072.29875
7/9/2024 5:00,23678.16,24537.658,3.629919737,859.4982031
7/9/2024 5:30,24242.89,24899.047,2.706595109,656.156875
7/9/2024 6:00,24214.47,24361.676,0.607924853,147.2057812
7/9/2024 6:30,24283.2,24229.924,0.219395186,53.27617188
7/9/2024 7:00,24481.79,24770.443,1.179053326,288.6533594
7/9/2024 7:30,25628.46,25295.598,1.29879963,332.8623437
7/9/2024 8:00,26440.74,25726.898,2.699779063,713.8415625
7/9/2024 8:30,27514.27,26649.873,3.141631427,864.3969531
7/9/2024 9:00,28102.63,26713.08,4.944554733,1389.549922
7/9/2024 9:30,28546.69,27176.373,4.800265646,1370.316953
7/9/2024 10:00,28876.56,27485.31,4.817919631,1391.249453
7/9/2024 10:30,29135.28,27679.611,4.996240544,1455.668672
7/9/2024 11:00,29145.22,27365.51,6.10635375,1779.710234
7/9/2024 11:30,28932.68,27276.508,5.724226679,1656.172188
7/9/2024 12:00,27983.86,26100.658,6.729599837,1883.201797
7/9/2024 12:30,27946.89,26148.412,6.435341788,1798.477891
7/9/2024 13:00,28675.34,26931.752,6.080444197,1743.588047
7/9/2024 13:30,29662.94,27707.686,6.591573368,1955.254453
7/9/2024 14:00,29818.67,27586.102,7.48714962,2232.568437
7/9/2024 14:30,29704.5,27588.16,7.124643888,2116.339844
7/9/2024 15:00,29451.3,27545.795,6.470020264,1905.505078
7/9/2024 15:30,29549.66,27598.094,6.604361099,1951.56625
7/9/2024 16:00,29192.91,27833.893,4.655299598,1359.017422
7/9/2024 16:30,28856.86,27755.81,3.815555307,1101.049453
7/9/2024 17:00,28808.78,28018.68,2.742567761,790.1003125
7/9/2024 17:30,29310.52,28460.363,2.900517353,850.1567188
7/9/2024 18:00,29990.75,29205.688,2.617682119,785.0625
7/9/2024 18:30,29638.63,28979.312,2.224520836,659.3175
7/9/2024 19:00,29429.42,28847.277,1.978097619,582.1426562
7/9/2024 19:30,29200.42,28686.908,1.758576749,513.5117969
7/9/2024 20:00,28924.84,28331.047,2.052883006,593.793125
7/9/2024 20:30,28650.36,28087.857,1.963335114,562.5025781
7/9/2024 21:00,28233.55,27847.469,1.367455563,386.08125
7/9/2024 21:30,27792.13,27429.21,1.305833927,362.9190625
7/9/2024 22:00,27073.72,26577.596,1.832494008,496.1242969
7/9/2024 22:30,26575.15,26104.535,1.770883114,470.6148438
7/9/2024 23:00,25935.09,25505.227,1.657458823,429.8634375
7/9/2024 23:30,25448.75,25004.273,1.746555577,444.4765625
7/9/2024 23:59,24878.58,24233.252,2.593910291,645.3280469
7/10/2024 0:30,24515.26,24725.766,0.858671803,210.505625
7/10/2024 1:00,24225.5,24358.436,0.548742222,132.9355469
7/10/2024 1:30,24100.16,24178.725,0.325992066,78.56460938
7/10/2024 2:00,23816.48,23991.555,0.735098921,175.0746875
7/10/2024 2:30,23540.39,23823.932,1.204489988,283.5416406
7/10/2024 3:00,23279.45,23547.756,1.152543807,268.3058594
7/10/2024 3:30,23314.08,23571.887,1.105798379,257.8067187
7/10/2024 4:00,23308.8,23765.867,1.960921144,457.0671875
7/10/2024 4:30,23639.04,24137.8,2.109902861,498.7607812
7/10/2024 5:00,24087.54,24771.885,2.841073707,684.3447656
7/10/2024 5:30,24675.48,25072.707,1.609804678,397.2270313
7/10/2024 6:00,24669.29,24646.178,0.09368841,23.11226563
7/10/2024 6:30,24609.34,24458.537,0.612787221,150.8028906
7/10/2024 7:00,24831.39,25424.209,2.387377365,592.8189844
7/10/2024 7:30,25865.13,25863.713,0.005478841,1.417109375
7/10/2024 8:00,26809.72,27208.18,1.486250836,398.4596875
7/10/2024 8:30,27801.09,28152.45,1.263832529,351.3592187
7/10/2024 9:00,28456.65,27999.014,1.60818764,457.6363281
7/10/2024 9:30,28764.66,28500.895,0.91697753,263.7654687
7/10/2024 10:00,29113.73,28226.396,3.047818042,887.3335156
7/10/2024 10:30,29310.67,28466.908,2.878684782,843.7617969
7/10/2024 11:00,29285.8,29142.082,0.490742847,143.7179687
7/10/2024 11:30,29130.64,29060.338,0.241333899,70.30210937
7/10/2024 12:00,28166.62,28368.816,0.717858253,202.1964063
7/10/2024 12:30,28075.38,28374.13,1.064102639,298.7508594
7/10/2024 13:00,28727.18,28623.426,0.361170915,103.7542188
7/10/2024 13:30,29803.05,29348.229,1.526090398,454.8214844
7/10/2024 14:00,29858.37,29235.977,2.084485648,622.3934375
7/10/2024 14:30,29638.48,29219.354,1.414129484,419.1264844
7/10/2024 15:00,29455.12,29476.014,0.070933922,20.89367188
7/10/2024 15:30,29425.2,29487.621,0.212134816,62.42109375
7/10/2024 16:00,28955.94,29184.352,0.788824547,228.4115625
7/10/2024 16:30,28863.83,29117.69,0.879507166,253.8594531
7/10/2024 17:00,28599.12,29141.25,1.895617767,542.13
7/10/2024 17:30,29311.72,29608.828,1.013615458,297.108125
7/10/2024 18:00,29816.09,30154.803,1.136006547,338.7127344
7/10/2024 18:30,29657.16,29934.656,0.935680456,277.49625
7/10/2024 19:00,29398.21,29313.627,0.287714956,84.58304687
7/10/2024 19:30,29276.31,29158.02,0.404048423,118.2904688
7/10/2024 20:00,28955.34,29149.768,0.671473995,194.4275781
7/10/2024 20:30,28772.47,28911.34,0.482648322,138.8698437
7/10/2024 21:00,28388.93,28402.205,0.04676146,13.27507812
7/10/2024 21:30,27897.35,28001.936,0.374894199,104.5855469
7/10/2024 22:00,27066.05,27268.057,0.746346957,202.0066406
7/10/2024 22:30,26612.1,26797.656,0.697262711,185.55625
7/10/2024 23:00,25860.47,26224.398,1.407276966,363.9284375
7/10/2024 23:30,25501.38,25712.318,0.827164488,210.9383594
7/10/2024 23:59,24970.65,24917.502,0.212842064,53.14804688
7/11/2024 0:30,24584.91,24854.578,1.096884735,269.668125
7/11/2024 1:00,24404.11,24681.256,1.135652394,277.1458594
7/11/2024 1:30,24251.74,24442.883,0.788161231,191.1428125
7/11/2024 2:00,24092.14,24120.432,0.117430999,28.29164063
7/11/2024 2:30,23822.38,23926.84,0.438494574,104.4598437
7/11/2024 3:00,23573,23735.547,0.689546833,162.546875
7/11/2024 3:30,23417.8,23733.709,1.349012223,315.9089844
7/11/2024 4:00,23371.42,23903.781,2.277830145,532.36125
7/11/2024 4:30,23833.61,24242.043,1.713684871,408.4329687
7/11/2024 5:00,24229.73,24955.516,2.995434225,725.785625
7/11/2024 5:30,24775.15,25222.666,1.806310015,447.5160156
7/11/2024 6:00,24653.13,24778.877,0.51006486,125.7469531
7/11/2024 6:30,24438.37,24608.426,0.695855662,170.0557813
7/11/2024 7:00,24746.16,25461.166,2.889361483,715.0060156
7/11/2024 7:30,25868.74,26009.732,0.545030109,140.9924219
7/11/2024 8:00,26708.46,27031.482,1.209438589,323.0224219
7/11/2024 8:30,27724.26,27949.133,0.811104832,224.8728125
7/11/2024 9:00,28127.85,28549.13,1.497735729,421.2808594
7/11/2024 9:30,28615.07,29023.252,1.426457993,408.1819531
7/11/2024 10:00,29008.54,28899.842,0.374711044,108.6982031
7/11/2024 10:30,29168.98,29145.162,0.081654863,23.81789062
7/11/2024 11:00,29332.14,28757.514,1.959033088,574.6263281
7/11/2024 11:30,28952.58,28589.45,1.254225983,363.1307813
7/11/2024 12:00,28045.65,28488,1.577249948,442.35
7/11/2024 12:30,27946.07,28511.947,2.024890318,565.8772656
7/11/2024 13:00,28734.43,28626.604,0.375251865,107.8264844
7/11/2024 13:30,29828.06,29372.756,1.526428942,455.3041406
7/11/2024 14:00,29845.57,29260.24,1.961194796,585.3297656
7/11/2024 14:30,29739,29224.854,1.72886272,514.1464844
7/11/2024 15:00,29644.67,29008.377,2.146399494,636.2930469
7/11/2024 15:30,29655.27,29036.686,2.085917455,618.5844531
7/11/2024 16:00,29197.64,28910.703,0.982739958,286.936875
7/11/2024 16:30,28838.19,28902.83,0.224147487,64.64007813
7/11/2024 17:00,28656.79,28880.965,0.78227479,224.1748437
7/11/2024 17:30,29179.02,29296.771,0.403548455,117.7514844
7/11/2024 18:00,30017.32,29603.676,1.378018486,413.6442187
7/11/2024 18:30,29775.43,29342.01,1.455630479,433.4202344
7/11/2024 19:00,29530.33,28924.611,2.051174748,605.7186719
7/11/2024 19:30,29263.72,28790.898,1.615726102,472.8215625
7/11/2024 20:00,28970.85,28402.574,1.961543349,568.2757812
7/11/2024 20:30,28901.58,28189.492,2.463836968,712.0878125
7/11/2024 21:00,28451.26,27998.783,1.590357674,452.4767969
7/11/2024 21:30,27815.3,27614.244,0.722824702,201.0558594
7/11/2024 22:00,27244.2,27027.422,0.795685412,216.778125
7/11/2024 22:30,26731.79,26561.14,0.638376162,170.649375
7/11/2024 23:00,26019.33,25943.635,0.29091923,75.69523438
7/11/2024 23:30,25509.38,25408.406,0.395829887,100.97375
7/11/2024 23:59,24979.85,24677.426,1.210672677,302.4242187
7/12/2024 0:30,24662.67,24309.129,1.433506971,353.5410937
7/12/2024 1:00,24284.5,24086.98,0.813356385,197.5195313
7/12/2024 1:30,24134.13,23841.361,1.21308981,292.7686719
7/12/2024 2:00,23777.12,23615.066,0.68155266,162.0535937
7/12/2024 2:30,23550.07,23414.229,0.576819875,135.8414844
7/12/2024 3:00,23315.79,23198.93,0.501206747,116.8603125
7/12/2024 3:30,23282.5,23189.846,0.397956821,92.65429688
7/12/2024 4:00,23122.88,23401.893,1.206651499,279.0125781
7/12/2024 4:30,23614.48,23732.908,0.501506716,118.4282031
7/12/2024 5:00,24053.59,24307.713,1.056486332,254.1228906
7/12/2024 5:30,24491.48,24588.543,0.396313203,97.06296875
7/12/2024 6:00,24442.43,24215.047,0.930280357,227.383125
7/12/2024 6:30,24387.88,24031.88,1.459737954,355.9991406
7/12/2024 7:00,24599.51,24064.885,2.1733166,534.6252344
7/12/2024 7:30,25600.28,24512.994,4.247163935,1087.285859
7/12/2024 8:00,26435.79,26459.6,0.090065814,23.80960937
7/12/2024 8:30,27506.74,27233.484,0.993413342,273.255625
7/12/2024 9:00,27989.09,27432.479,1.988673031,556.6114844
7/12/2024 9:30,28387.21,27794.316,2.088594102,592.8935937
7/12/2024 10:00,28727.92,27857.332,3.030459458,870.5879687
7/12/2024 10:30,28987.56,28084.75,3.114473933,902.81
7/12/2024 11:00,28825.22,28168.068,2.279780139,657.1516406
7/12/2024 11:30,27940.68,28065.621,0.447165544,124.9410937
7/12/2024 12:00,26626.69,26817.656,0.717198608,190.96625
7/12/2024 12:30,26422.94,26736.287,1.185890402,313.3471094
7/12/2024 13:00,27784.75,27966.25,0.653236038,181.5
7/12/2024 13:30,29264.77,28680.518,1.996436062,584.2524219
7/12/2024 14:00,29354.19,28359.768,3.387667729,994.4224219
7/12/2024 14:30,29228.7,28341.264,3.036181315,887.4363281
7/12/2024 15:00,29018.71,28098.996,3.169382465,919.7139062
7/12/2024 15:30,29109.22,28179.654,3.193372076,929.5657031
7/12/2024 16:00,28803.4,28115.463,2.388388556,687.9371094
7/12/2024 16:30,28515.36,28144.852,1.299329335,370.5084375
7/12/2024 17:00,28198.97,27694.098,1.790392854,504.8723438
7/12/2024 17:30,28600.85,27982.055,2.163555672,618.7953125
7/12/2024 18:00,29391.83,28400.914,3.371399254,990.9159375
7/12/2024 18:30,29152.42,28135.238,3.489184496,1017.181719
7/12/2024 19:00,28816.8,27978.213,2.91006326,838.5871094
7/12/2024 19:30,28693.25,27845.584,2.954234935,847.6660156
7/12/2024 20:00,28305.46,27617.309,2.43116136,688.1514062
7/12/2024 20:30,28007.79,27391.6,2.200067876,616.1903906
7/12/2024 21:00,27627.21,26972.709,2.369044922,654.5010156
7/12/2024 21:30,27032.91,26415.625,2.28345746,617.285
7/12/2024 22:00,26432.72,25972.59,1.740759771,460.1301563
7/12/2024 22:30,25941.16,25346.576,2.292047958,594.5838281
7/12/2024 23:00,25587.58,24936.34,2.545141652,651.2401563
7/12/2024 23:30,24913.14,24354.922,2.24065744,558.218125
7/12/2024 23:59,24349.06,23801.371,2.249322587,547.6889063
7/13/2024 0:30,23985.3,24301.162,1.316898723,315.8621094
7/13/2024 1:00,23648.41,24170.422,2.207386776,522.011875
7/13/2024 1:30,23466.97,23948.709,2.052838455,481.7389844
7/13/2024 2:00,23226.15,23712.13,2.092386639,485.9808594
7/13/2024 2:30,22918.98,23535.2,2.68868518,616.2192188
7/13/2024 3:00,22573.17,23308.904,3.259330864,735.7342969
7/13/2024 3:30,22514.63,23310.402,3.534467783,795.7723437
7/13/2024 4:00,22528.66,23447.145,4.076960331,918.4845313
7/13/2024 4:30,22810.69,23729.902,4.029743702,919.2123438
7/13/2024 5:00,23202.24,24251.7,4.523094403,1049.459219
7/13/2024 5:30,23502.39,24444.115,4.006933909,941.7252344
7/13/2024 6:00,23131.07,24142.979,4.374672316,1011.908516
7/13/2024 6:30,22886.62,23877.08,4.327681755,990.4600781
7/13/2024 7:00,22684.2,24145.021,6.439819277,1460.821484
7/13/2024 7:30,23242.69,24393.346,4.950613303,1150.655703
7/13/2024 8:00,23748.71,25339.447,6.698204937,1590.737266
7/13/2024 8:30,24710.17,25896.156,4.799587579,1185.98625
7/13/2024 9:00,25151.11,25606.246,1.80960639,455.1360937
7/13/2024 9:30,25424.73,26026.674,2.36755249,601.9438281
7/13/2024 10:00,25857.63,26294.096,1.687957106,436.4657031
7/13/2024 10:30,26007.1,26538.139,2.041898835,531.0386719
7/13/2024 11:00,26061.25,26362.02,1.154087126,300.7695313
7/13/2024 11:30,25967.3,26358.21,1.505396932,390.9109375
7/13/2024 12:00,25279.75,26261.832,3.88485658,982.0820313
7/13/2024 12:30,25121.22,26270.676,4.575636777,1149.455781
7/13/2024 13:00,25310.45,26399.648,4.303354691,1089.198437
7/13/2024 13:30,25838.16,26900.018,4.10964859,1061.857578
7/13/2024 14:00,25939.45,26725.89,3.031832306,786.440625
7/13/2024 14:30,25785.38,26766.814,3.806166336,981.4344531
7/13/2024 15:00,25596.81,26334.834,2.883265471,738.0239844
7/13/2024 15:30,25569.23,26457.201,3.472811547,887.9711719
7/13/2024 16:00,25319.34,26392.615,4.238954232,1073.275234
7/13/2024 16:30,25191.36,26521.225,5.279050474,1329.864609
7/13/2024 17:00,25188.35,25936.266,2.969291855,747.915625
7/13/2024 17:30,26061.99,26321.303,0.994984398,259.3127344
7/13/2024 18:00,27291.91,27325.004,0.121259033,33.09390625
7/13/2024 18:30,27166.99,27112.41,0.200905009,54.57984375
7/13/2024 19:00,26763.99,26852.623,0.331165297,88.63304687
7/13/2024 19:30,26581.58,26683.701,0.384180218,102.1211719
7/13/2024 20:00,26149.16,26411.752,1.004207987,262.5919531
7/13/2024 20:30,26002.62,26149.75,0.565827597,147.13
7/13/2024 21:00,25425.01,25668.39,0.957248886,243.380625
7/13/2024 21:30,25031.09,25225.355,0.776096721,194.2654687
7/13/2024 22:00,24370.12,24807.434,1.794466313,437.3135938
7/13/2024 22:30,23945.57,24260.06,1.31335586,314.4905469
7/13/2024 23:00,23402.8,23777.602,1.601524444,374.8015625
7/13/2024 23:30,22894.4,23186.475,1.275746948,292.0746094
7/13/2024 23:59,22460.27,22793.947,1.485633368,333.6772656
7/14/2024 0:30,22177.58,24430.812,10.15995659,2253.2325
7/14/2024 1:00,21864.19,24235.104,10.84382049,2370.913516
7/14/2024 1:30,21519.17,24027.818,11.65773754,2508.648359
7/14/2024 2:00,21364.15,23661.725,10.75434599,2297.574609
7/14/2024 2:30,21107.03,23499.22,11.33362061,2392.190703
7/14/2024 3:00,20971.23,23265.17,10.9385092,2293.939922
7/14/2024 3:30,20842.7,23258.727,11.59171586,2416.026562
7/14/2024 4:00,20711.29,23405.533,13.00857263,2694.243203
7/14/2024 4:30,21044.62,23669.059,12.47082909,2624.438594
7/14/2024 5:00,21296.34,24117.32,13.24631515,2820.980313
7/14/2024 5:30,21588.06,24290.504,12.51823418,2702.443906
7/14/2024 6:00,21301.07,23984.916,12.5995831,2683.846016
7/14/2024 6:30,20653.9,23702.781,14.76177017,3048.88125
7/14/2024 7:00,20252.56,23953.443,18.27365706,3700.883359
7/14/2024 7:30,20407.72,24101.326,18.09906335,3693.606172
7/14/2024 8:00,20569.56,24217.277,17.73357011,3647.717344
7/14/2024 8:30,20937.82,24429.268,16.67531566,3491.447578
7/14/2024 9:00,21222.7,24652.78,16.16231345,3430.079297
7/14/2024 9:30,21451.33,24719.98,15.23751893,3268.650469
7/14/2024 10:00,21734.44,25552.04,17.56474546,3817.599063
7/14/2024 10:30,21991.45,25786.943,17.25895,3795.493359
7/14/2024 11:00,22028.84,25549.332,15.98128649,3520.492031
7/14/2024 11:30,22029.31,25554.244,16.00111007,3524.934141
7/14/2024 12:00,21893.47,25377.855,15.91518142,3484.385469
7/14/2024 12:30,21997.45,25313.305,15.07381395,3315.854687
7/14/2024 13:00,22092.09,25079.012,13.52032206,2986.921719
7/14/2024 13:30,22377.19,25615.484,14.4714076,3238.294375
7/14/2024 14:00,22360.62,25052.664,12.03921923,2692.044063
7/14/2024 14:30,22414.24,25182.4,12.35000781,2768.160391
7/14/2024 15:00,22414.85,25044.104,11.72996257,2629.253516
7/14/2024 15:30,22596.73,25242.633,11.70922878,2645.902813
7/14/2024 16:00,22795.36,25158.15,10.36522516,2362.790391
7/14/2024 16:30,22925.83,25170.799,9.792312113,2244.968828
7/14/2024 17:00,23145.65,25435.094,9.891464487,2289.44375
7/14/2024 17:30,24038.83,25794.084,7.301744654,1755.253984
7/14/2024 18:00,25520.45,27402.451,7.374482707,1882.001172
7/14/2024 18:30,25711.57,27208.41,5.821659884,1496.840156
7/14/2024 19:00,25416.52,26849.314,5.637256608,1432.794453
7/14/2024 19:30,25311.79,26716.148,5.548238341,1404.358437
7/14/2024 20:00,25081.07,26561.703,5.90338899,1480.633125
7/14/2024 20:30,24919.88,26335.457,5.680513033,1415.577031
7/14/2024 21:00,24594.54,25992.63,5.684557871,1398.090859
7/14/2024 21:30,24058.01,25558.957,6.238866104,1500.947031
7/14/2024 22:00,23563.79,25266.387,7.225479088,1702.596719
7/14/2024 22:30,23161.46,24728.375,6.765182333,1566.915
7/14/2024 23:00,22601.37,24295.488,7.495644208,1694.118281
7/14/2024 23:30,22188.52,23788.99,7.213055374,1600.470234
7/14/2024 23:59,21660.15,23398.22,8.02427824,1738.070703
7/15/2024 0:30,21486.63,23135.213,7.672598684,1648.582891
7/15/2024 1:00,21207.1,22857.422,7.781930934,1650.321875
7/15/2024 1:30,21116.45,22695,7.475451603,1578.55
7/15/2024 2:00,20749.76,22443.967,8.164946471,1694.206797
7/15/2024 2:30,20593.04,22306.422,8.320198839,1713.381875
7/15/2024 3:00,20500.95,22000.682,7.315425093,1499.731641
7/15/2024 3:30,20458.72,22068.322,7.86756095,1609.602266
7/15/2024 4:00,20541.09,22241.98,8.280429465,1700.890469
7/15/2024 4:30,21194.87,22722.574,7.20789615,1527.704219
7/15/2024 5:00,21824.78,23950.621,9.740492659,2125.841094
7/15/2024 5:30,22589.02,24395.7,7.998041609,1806.679219
7/15/2024 6:00,22424.72,24112.367,7.525833935,1687.647187
7/15/2024 6:30,22248.68,24186.652,8.71050482,1937.972344
7/15/2024 7:00,22477.2,24344.785,8.308798054,1867.585156
7/15/2024 7:30,23748.24,25009.07,5.309152647,1260.830312
7/15/2024 8:00,24677.53,26979.459,9.328036414,2301.928984
7/15/2024 8:30,25769.44,27475.836,6.621781216,1706.395938
7/15/2024 9:00,26412.05,28687.143,8.61384322,2275.092578
7/15/2024 9:30,26965.65,29085.72,7.862116074,2120.070703
7/15/2024 10:00,27414.27,29966.744,9.310749988,2552.474141
7/15/2024 10:30,27812.46,30143.305,8.380577222,2330.844688
7/15/2024 11:00,27893.87,30146.781,8.076725281,2252.91125
7/15/2024 11:30,27705.88,29977.082,8.197545183,2271.202031
7/15/2024 12:00,26770.48,29605.977,10.59187793,2835.496563
7/15/2024 12:30,26650.68,29642.414,11.22573256,2991.734062
7/15/2024 13:00,27499.53,30164.328,9.690340617,2664.798125
7/15/2024 13:30,28599.21,30841.586,7.840691884,2242.375938
7/15/2024 14:00,28691.99,31092.648,8.366998725,2400.658437
7/15/2024 14:30,28771.93,31114.104,8.140481072,2342.173516
7/15/2024 15:00,28659,31105.484,8.536530845,2446.484375
7/15/2024 15:30,28729.63,31184.777,8.545697747,2455.147344
7/15/2024 16:00,28370.99,30552.867,7.690521859,2181.877187
7/15/2024 16:30,28086.19,30608.129,8.979284503,2521.938906
7/15/2024 17:00,27911.87,29838.273,6.901735489,1926.403438
7/15/2024 17:30,28340.46,30099.184,6.205698827,1758.723594
7/15/2024 18:00,29066.65,30291.057,4.212410583,1224.406641
7/15/2024 18:30,28765.66,30070.953,4.537678346,1305.293125
7/15/2024 19:00,28533.29,29794.102,4.418738822,1260.811562
7/15/2024 19:30,28517.12,29710.256,4.183928319,1193.135859
7/15/2024 20:00,28189.24,29566.59,4.88608364,1377.349844
7/15/2024 20:30,27962.75,29386.281,5.090812778,1423.53125
7/15/2024 21:00,27493.22,28559.61,3.87873583,1066.389375
7/15/2024 21:30,26829.94,28161.295,4.962198655,1331.354922
7/15/2024 22:00,26172.47,27177.273,3.839161674,1004.803437
7/15/2024 22:30,25641.87,26768.414,4.39337717,1126.544063
7/15/2024 23:00,25103.46,26116.758,4.036486654,1013.297813
7/15/2024 23:30,24578.11,25723.502,4.660211681,1145.391953
7/15/2024 23:59,23938.39,25102.057,4.861089825,1163.666641
7/16/2024 0:30,23645.24,25230.232,6.703219853,1584.992422
7/16/2024 1:00,23448.18,24868.852,6.058771139,1420.671562
7/16/2024 1:30,23200.01,24727.555,6.584241505,1527.544688
7/16/2024 2:00,22965.82,24376.64,6.143131946,1410.820625
7/16/2024 2:30,22732.04,24280.125,6.810145504,1548.085
7/16/2024 3:00,22516.81,23930.62,6.278905141,1413.809141
7/16/2024 3:30,22479.43,24016.78,6.83891583,1537.349297
7/16/2024 4:00,22538.84,24148.217,7.140459744,1609.376797
7/16/2024 4:30,22989.57,24567.84,6.865155998,1578.269844
7/16/2024 5:00,23544.43,25402.59,7.892141979,1858.159844
7/16/2024 5:30,24081.48,25766.227,6.996025836,1684.746563
7/16/2024 6:00,23983.27,25451.676,6.122625402,1468.405781
7/16/2024 6:30,23618.31,25382.281,7.468659908,1763.97125
7/16/2024 7:00,23665.89,25634.951,8.320249827,1969.061172
7/16/2024 7:30,24632,26186.525,6.310999475,1554.525391
7/16/2024 8:00,25571.22,27906.385,9.132003736,2335.164766
7/16/2024 8:30,26706.43,28454.018,6.543695949,1747.587578
7/16/2024 9:00,27167.46,29302.092,7.857310904,2134.631797
7/16/2024 9:30,27546.5,29624.055,7.541991496,2077.554688
7/16/2024 10:00,27943.22,30242.887,8.229784251,2299.666719
7/16/2024 10:30,28195.88,30542.672,8.323173013,2346.791875
7/16/2024 11:00,28295.01,30252.484,6.918090416,1957.474375
7/16/2024 11:30,28136.8,30312.338,7.732001829,2175.537891
7/16/2024 12:00,27310.53,29499.012,8.013325698,2188.481719
7/16/2024 12:30,27174.1,29544.39,8.722609488,2370.290625
7/16/2024 13:00,27964.34,30319.883,8.423380679,2355.542813
7/16/2024 13:30,29133.63,31068.822,6.64246874,1935.192266
7/16/2024 14:00,29256.5,31174.674,6.556402263,1918.173828
7/16/2024 14:30,29257.37,31238.842,6.772556101,1981.471797
7/16/2024 15:00,29177.89,30963.217,6.118765945,1785.326797
7/16/2024 15:30,29166.89,30962.416,6.156042059,1795.526016
7/16/2024 16:00,28872.26,30519.883,5.706594539,1647.622813
7/16/2024 16:30,28670.41,30340.46,5.824998448,1670.050938
7/16/2024 17:00,28310.36,29945.555,5.775958651,1635.194687
7/16/2024 17:30,28817.46,30254.059,4.985167304,1436.598594
7/16/2024 18:00,29555.73,30849.193,4.376353957,1293.463359
7/16/2024 18:30,29411.93,30586.305,3.992851498,1174.374687
7/16/2024 19:00,29190.97,30218.375,3.519598698,1027.405
7/16/2024 19:30,28982.12,30066.578,3.7418178,1084.458125
7/16/2024 20:00,28704.46,29829.541,3.919533813,1125.081016
7/16/2024 20:30,28419.26,29655.842,4.351210401,1236.581797
7/16/2024 21:00,28117.95,28885.535,2.729875956,767.5851562
7/16/2024 21:30,27514.54,28444.504,3.379899887,929.9639062
7/16/2024 22:00,26849.65,27530.59,2.536121863,680.9398437
7/16/2024 22:30,26333.47,27079.014,2.831163807,745.5436719
7/16/2024 23:00,25597.04,26489.918,3.488207889,892.8779687
7/16/2024 23:30,25218.65,26053.945,3.312212638,835.2953125
7/16/2024 23:59,24632.19,25441.8,3.286799839,809.6107813
7/17/2024 0:30,24296.24,25624.254,5.46592356,1328.013906
7/17/2024 1:00,24053.03,25291.387,5.148443746,1238.356719
7/17/2024 1:30,23812.44,25112.094,5.457877269,1299.65375
7/17/2024 2:00,23563.79,24808.209,5.281064652,1244.418984
7/17/2024 2:30,23348.56,24673.697,5.675456069,1325.137266
7/17/2024 3:00,23088.18,24288.871,5.200457956,1200.691094
7/17/2024 3:30,22990.41,24339.506,5.868080906,1349.095859
7/17/2024 4:00,23039.35,24475.393,6.232999534,1436.042578
7/17/2024 4:30,23686.54,24859.49,4.951969491,1172.950234
7/17/2024 5:00,24208.34,25729.012,6.281602616,1520.671719
7/17/2024 5:30,24812.72,26032.082,4.914261843,1219.362031
7/17/2024 6:00,24594.92,25723.28,4.587773804,1128.359297
7/17/2024 6:30,24242.2,25613.129,5.655134048,1370.928906
7/17/2024 7:00,24256.24,25796.826,6.351298354,1540.586172
7/17/2024 7:30,25142.45,26347.42,4.792571614,1204.969922
7/17/2024 8:00,26067.9,27930.184,7.143972448,1862.283594
7/17/2024 8:30,27191.78,28641.129,5.330099413,1449.348906
7/17/2024 9:00,27608.85,29548.521,7.025542478,1939.671484
7/17/2024 9:30,28079.48,29911.543,6.524561597,1832.062969
7/17/2024 10:00,28342.35,30529.041,7.715277723,2186.691016
7/17/2024 10:30,28779.47,30806.37,7.042864725,2026.899141
7/17/2024 11:00,28749.51,30757.104,6.983052983,2007.593516
7/17/2024 11:30,28552.4,30721.443,7.596711167,2169.043359
7/17/2024 12:00,27612.74,29949.564,8.462848863,2336.824453
7/17/2024 12:30,27524.53,29944.88,8.793432111,2420.350859
7/17/2024 13:00,28361.31,30736.494,8.374733539,2375.184141
7/17/2024 13:30,29423.77,31453.266,6.897469716,2029.495625
7/17/2024 14:00,29441.8,31442.229,6.794518391,2000.428516
7/17/2024 14:30,29433.48,31443.412,6.828727386,2009.932109
7/17/2024 15:00,29289.55,31045.42,5.99486821,1755.869922
7/17/2024 15:30,29418.55,31157.176,5.909964228,1738.625781
7/17/2024 16:00,29076.12,30572.139,5.145179865,1496.018672
7/17/2024 16:30,28881.74,30533.508,5.719073063,1651.767812
7/17/2024 17:00,28628.39,29903.275,4.453220704,1274.885391
7/17/2024 17:30,29240.64,30169.705,3.177307604,929.0650781
7/17/2024 18:00,29923.46,30701.527,2.600191768,778.0673438
7/17/2024 18:30,29684.13,30418.234,2.473053362,734.104375
7/17/2024 19:00,29457.28,30131.436,2.288587225,674.1555469
7/17/2024 19:30,29300.57,29984.4,2.333846716,683.8303906
7/17/2024 20:00,29119.63,29900.38,2.681183996,780.7508594
7/17/2024 20:30,28898.35,29656.883,2.624830873,758.5328125
7/17/2024 21:00,28486.21,28937.244,1.583342047,451.0341406
7/17/2024 21:30,27858.6,28459.107,2.155554916,600.5074219
7/17/2024 22:00,27071.97,27614.332,2.003408068,542.3620312
7/17/2024 22:30,26702.96,27152.045,1.681779555,449.0849219
7/17/2024 23:00,25952.42,26568.191,2.372693592,615.7714063
7/17/2024 23:30,25571.05,26107.184,2.096642859,536.1335938
7/17/2024 23:59,25094.47,25482.016,1.544346723,387.545625
7/18/2024 0:30,24613.35,25666.678,4.279497648,1053.327734
7/18/2024 1:00,24320.06,25322.848,4.123294335,1002.787656
7/18/2024 1:30,24127.24,25155.908,4.263513784,1028.668203
7/18/2024 2:00,23937.08,24739.623,3.352719074,802.5430469
7/18/2024 2:30,23677.81,24617.465,3.968504029,939.6548437
7/18/2024 3:00,23407.41,24223.496,3.486443369,816.0860938
7/18/2024 3:30,23357.1,24291.842,4.00195999,934.7417969
7/18/2024 4:00,23386.61,24376.82,4.234090843,990.2103125
7/18/2024 4:30,23976.74,24770.926,3.31231761,794.1857812
7/18/2024 5:00,24470.53,25411.562,3.845574657,941.0325
7/18/2024 5:30,25228.75,25724.64,1.965577466,495.890625
7/18/2024 6:00,25061.88,25374.357,1.24682355,312.4774219
7/18/2024 6:30,24740.18,25274.215,2.158572992,534.0348437
7/18/2024 7:00,24649.73,25584.346,3.791585965,934.6157031
7/18/2024 7:30,25570.51,26142.643,2.237470344,572.1325781
7/18/2024 8:00,26376.72,27827.578,5.500525179,1450.858125
7/18/2024 8:30,27438.19,28644.287,4.395687578,1206.097109
7/18/2024 9:00,27965.61,29206.898,4.438624573,1241.288437
7/18/2024 9:30,28298.18,29817.617,5.369381308,1519.437187
7/18/2024 10:00,28558.98,30297.844,6.088675961,1738.86375
7/18/2024 10:30,28962.71,30568.72,5.545098173,1606.010703
7/18/2024 11:00,29046.57,30384.104,4.604789879,1337.533516
7/18/2024 11:30,28805.91,30330.951,5.294195434,1525.041172
7/18/2024 12:00,27839.17,29559.658,6.180098771,1720.488203
7/18/2024 12:30,27797.76,29627.86,6.583621756,1830.099375
7/18/2024 13:00,28508.59,30185.676,5.882738435,1677.085781
7/18/2024 13:30,29601.8,31008.271,4.751303922,1406.471484
7/18/2024 14:00,29549.99,30826.15,4.318649145,1276.160391
7/18/2024 14:30,29551.31,30804.227,4.23980041,1252.916562
7/18/2024 15:00,29467.2,30782.916,4.465018786,1315.716016
7/18/2024 15:30,29532.07,30848.105,4.456292663,1316.035469
7/18/2024 16:00,29173.72,30497.537,4.537704171,1323.817109
7/18/2024 16:30,28951.99,30489.129,5.309268573,1537.138906
7/18/2024 17:00,28697.69,29886.188,4.141439607,1188.4975
7/18/2024 17:30,29242.61,30220.42,3.34378471,977.8099219
7/18/2024 18:00,29920.67,30353.895,1.447910529,433.2245313
7/18/2024 18:30,29801.19,30108.553,1.031377386,307.3627344
7/18/2024 19:00,29528.94,29719.365,0.644876634,190.4252344
7/18/2024 19:30,29400.72,29585.115,0.627179315,184.3952344
7/18/2024 20:00,29091.88,29461.336,1.2699624,369.4559375
7/18/2024 20:30,28876.22,29230.623,1.227318004,354.4030469
7/18/2024 21:00,28526.91,28419.404,0.376857161,107.5057031
7/18/2024 21:30,27977.56,27980.447,0.010319934,2.887265625
7/18/2024 22:00,27264.43,27259.676,0.01743744,4.75421875
7/18/2024 22:30,26822.21,26810.174,0.044873901,12.03617187
7/18/2024 23:00,26085.8,26133.25,0.181899731,47.45
7/18/2024 23:30,25653.43,25717.72,0.250612503,64.29070312
7/18/2024 23:59,25193.7,25112.97,0.320434461,80.72929688
7/19/2024 0:30,24800.52,25335.547,2.157321197,535.026875
7/19/2024 1:00,24560.05,25085.654,2.140078285,525.6042969
7/19/2024 1:30,24380.05,24902.902,2.144590941,522.8523438
7/19/2024 2:00,24047.12,24596.201,2.283355229,549.0811719
7/19/2024 2:30,23889.22,24458.23,2.381871274,569.0104687
7/19/2024 3:00,23622.17,24036.506,1.75401269,414.3358594
7/19/2024 3:30,23518.65,24089.04,2.42526277,570.3890625
7/19/2024 4:00,23577.48,24188.523,2.591640148,611.0434375
7/19/2024 4:30,24054.45,24566.816,2.130027526,512.3664062
7/19/2024 5:00,24589.2,25124.213,2.17580438,535.0128906
7/19/2024 5:30,25213.09,25416.01,0.804819106,202.9197656
7/19/2024 6:00,25059.38,25086.125,0.106726503,26.745
7/19/2024 6:30,24642.22,24964.701,1.308653084,322.4811719
7/19/2024 7:00,24689.38,25046.389,1.44600096,357.0086719
7/19/2024 7:30,25582.33,25585.506,0.012414269,3.175859375
7/19/2024 8:00,26232.85,27181.611,3.616691774,948.7613281
7/19/2024 8:30,27412.61,27965.363,2.016419747,552.7532812
7/19/2024 9:00,27963.27,28587.775,2.233306014,624.5053906
7/19/2024 9:30,28190.64,29181.904,3.516288729,991.2642969
7/19/2024 10:00,28800.91,29430.1,2.184617116,629.1896094
7/19/2024 10:30,29155.86,29660.377,1.730413554,504.5169531
7/19/2024 11:00,29044.23,29388.697,1.186009289,344.4672656
7/19/2024 11:30,28221.52,29275.922,3.736162599,1054.401875
7/19/2024 12:00,26891.87,28203.115,4.875991273,1311.245234
7/19/2024 12:30,26707,28136.592,5.352873018,1429.591797
7/19/2024 13:00,28067.41,29483.908,5.04677205,1416.498203
7/19/2024 13:30,29607.25,30201.617,2.007505552,594.3671875
7/19/2024 14:00,29748.91,29877.316,0.431633987,128.4064063
7/19/2024 14:30,29604.44,29889.145,0.961695378,284.7045313
7/19/2024 15:00,29459.76,29908.307,1.522573981,448.5466406
7/19/2024 15:30,29594.53,30057.053,1.562865619,462.5227344
7/19/2024 16:00,29234.06,29832.568,2.047298115,598.5083594
7/19/2024 16:30,28991.88,29833.613,2.903341492,841.7332812
7/19/2024 17:00,28656.08,29588.262,3.252998033,932.1817187
7/19/2024 17:30,28927.51,29917.975,3.423953909,990.4646094
7/19/2024 18:00,29886.29,30035.197,0.498246071,148.9072656
7/19/2024 18:30,29675,29763.975,0.299830192,88.97460938
7/19/2024 19:00,29296.08,29567.098,0.925098703,271.0176562
7/19/2024 19:30,29305.66,29412.06,0.363071662,106.4005469
7/19/2024 20:00,28845.43,29316.154,1.631885179,470.7242969
7/19/2024 20:30,28561.41,29064.654,1.761972875,503.2442969
7/19/2024 21:00,28110.26,28317.865,0.738539005,207.6052344
7/19/2024 21:30,27597.77,27700.041,0.3705771,102.2710156
7/19/2024 22:00,26887.7,27166.355,1.036367814,278.6554687
7/19/2024 22:30,26389.98,26555.893,0.628695354,165.9125781
7/19/2024 23:00,25774.54,26112.062,1.309519006,337.5225
7/19/2024 23:30,25345.62,25591.256,0.969145199,245.6358594
7/19/2024 23:59,24804.36,24973.406,0.68151829,169.04625
7/20/2024 0:30,24487.02,24387.947,0.404592859,99.07273438
7/20/2024 1:00,24171.45,24273.387,0.42172364,101.9367187
7/20/2024 1:30,24009.69,24056.59,0.195337148,46.89984375
7/20/2024 2:00,23605.66,23820.441,0.909872489,214.7814063
7/20/2024 2:30,23421.8,23648.426,0.967584819,226.6257813
7/20/2024 3:00,23236.22,23355.207,0.512075679,118.9870312
7/20/2024 3:30,22955.18,23360.371,1.765140129,405.1910937
7/20/2024 4:00,22943.25,23484.842,2.360571396,541.5917969
7/20/2024 4:30,23322.06,23756.926,1.864611365,434.8657812
7/20/2024 5:00,23750.53,24126.527,1.583111382,375.9973438
7/20/2024 5:30,24225.29,24298.354,0.301600169,73.06351562
7/20/2024 6:00,23800.73,24033.021,0.975984705,232.2914844
7/20/2024 6:30,23351.04,23766.744,1.780238228,415.7041406
7/20/2024 7:00,22951.07,24150.096,5.224269296,1199.025703
7/20/2024 7:30,23553.47,24419.99,3.678949362,866.5202344
7/20/2024 8:00,24118.68,24815.62,2.889623896,696.9391406
7/20/2024 8:30,24939.65,25312.998,1.49700596,373.3480469
7/20/2024 9:00,25487.84,25732.2,0.958728628,244.3592187
7/20/2024 9:30,25884.74,26163.951,1.078670954,279.2111719
7/20/2024 10:00,26246.89,26586.916,1.295490687,340.0260156
7/20/2024 10:30,26386.46,26808.55,1.599649143,422.0907813
7/20/2024 11:00,26548.08,26983.754,1.641075009,435.6739062
7/20/2024 11:30,26541.24,26926.959,1.453281702,385.7189844
7/20/2024 12:00,25852.27,26284.145,1.670547814,431.8745312
7/20/2024 12:30,25728.76,26312.768,2.269862901,584.0075781
7/20/2024 13:00,25893.85,26855.31,3.713084562,961.4605469
7/20/2024 13:30,26512.99,27348.266,3.150439181,835.275625
7/20/2024 14:00,26536.01,27064.352,1.99103619,528.3415625
7/20/2024 14:30,26388.78,27091.281,2.662120985,702.50125
7/20/2024 15:00,26166.71,26907.986,2.832898473,741.2763281
7/20/2024 15:30,26171.32,27004.637,3.184083641,833.3167188
7/20/2024 16:00,26024.79,27034.494,3.879778245,1009.704141
7/20/2024 16:30,25979.3,27125.209,4.410853966,1145.908984
7/20/2024 17:00,25952.08,26815.635,3.327497317,863.5547656
7/20/2024 17:30,26779.35,27223.639,1.659071904,444.2886719
7/20/2024 18:00,27805.03,27966.717,0.581501969,161.6867969
7/20/2024 18:30,27929.73,27738.973,0.682990289,190.7573437
7/20/2024 19:00,27623.67,27440.719,0.662298855,182.95125
7/20/2024 19:30,27327.28,27273.742,0.195913433,53.5378125
7/20/2024 20:00,27035.05,27083.814,0.180374932,48.76445313
7/20/2024 20:30,26832.09,26820.375,0.043660408,11.715
7/20/2024 21:00,26462.66,26438.635,0.090789189,24.02523437
7/20/2024 21:30,25897.79,25924.951,0.104878339,27.16117187
7/20/2024 22:00,25244.16,25422.32,0.705748627,178.1603125
7/20/2024 22:30,24812.21,24893.465,0.327479268,81.25484375
7/20/2024 23:00,24222.4,24221.307,0.004513836,1.093359375
7/20/2024 23:30,23843.35,23693.758,0.627395846,149.5921875
7/20/2024 23:59,23385.43,23180.545,0.876122774,204.8850781
7/21/2024 0:30,23071.84,22699.758,1.612711372,372.0821875
7/21/2024 1:00,22726.27,22577.176,0.656043507,149.0942188
7/21/2024 1:30,22559.05,22364.523,0.862299443,194.5265625
7/21/2024 2:00,22300.41,22001.574,1.34004613,298.8357812
7/21/2024 2:30,22074.61,21833.703,1.091330153,240.906875
7/21/2024 3:00,21849.75,21506.854,1.56933825,342.8964844
7/21/2024 3:30,21668.23,21511.664,0.722559884,156.5659375
7/21/2024 4:00,21614.29,21608.066,0.028793885,6.22359375
7/21/2024 4:30,21937.72,21868.506,0.31550289,69.21414063
7/21/2024 5:00,22285.29,22120.852,0.737878832,164.4384375
7/21/2024 5:30,22560.77,22281.033,1.239925751,279.7367969
7/21/2024 6:00,22181.76,21641.332,2.436361987,540.4279687
7/21/2024 6:30,21650.95,21355.508,1.364569164,295.4421875
7/21/2024 7:00,21220.4,21684.465,2.186880755,464.0648437
7/21/2024 7:30,21339.04,21903.174,2.643670138,564.1338281
7/21/2024 8:00,21474.65,21848.668,1.741672012,374.0179687
7/21/2024 8:30,21883.26,22243.477,1.646082725,360.2165625
7/21/2024 9:00,22056.48,22609.512,2.507343505,553.0317188
7/21/2024 9:30,22313.15,22932.748,2.77682912,619.5980469
7/21/2024 10:00,22644.67,23331.512,3.033127525,686.8417188
7/21/2024 10:30,22964.89,23515.664,2.398330941,550.7740625
7/21/2024 11:00,22916.14,23385.06,2.046245776,468.9205469
7/21/2024 11:30,22975.19,23396.44,1.833497147,421.2494531
7/21/2024 12:00,22819.81,23049.383,1.006024207,229.5728125
7/21/2024 12:30,22889.36,23102.15,0.929647621,212.7903906
7/21/2024 13:00,23098.75,23380.703,1.220642351,281.953125
7/21/2024 13:30,23365.48,23870.375,2.160858668,504.895
7/21/2024 14:00,23420.03,24001.969,2.484790797,581.93875
7/21/2024 14:30,23487.24,24087.893,2.557357008,600.6525781
7/21/2024 15:00,23379.9,23831.691,1.932392381,451.7914062
7/21/2024 15:30,23641.5,24076.79,1.841207464,435.2890625
7/21/2024 16:00,23704.7,24351.416,2.72821852,646.7160156
7/21/2024 16:30,23781.42,24462.89,2.865559016,681.470625
7/21/2024 17:00,24152.77,24856.445,2.91343524,703.6753125
7/21/2024 17:30,24938.07,25308.924,1.487099155,370.8538281
7/21/2024 18:00,26394.18,26332.684,0.232992297,61.49640625
7/21/2024 18:30,26635.89,26132.086,1.891448202,503.8040625
7/21/2024 19:00,26436.31,26145.361,1.100564609,290.9486719
7/21/2024 19:30,26244.96,26009.383,0.897609246,235.5771875
7/21/2024 20:00,26127.64,25836.977,1.112474902,290.6634375
7/21/2024 20:30,25982.08,25608.064,1.439513491,374.0155469
7/21/2024 21:00,25609.99,25290.738,1.246590564,319.2517188
7/21/2024 21:30,25175.02,24760.021,1.648453569,414.9985156
7/21/2024 22:00,24569.13,24404.52,0.669989001,164.6104688
7/21/2024 22:30,24176.21,23885.025,1.204426208,291.1846094
7/21/2024 23:00,23628.44,23492.148,0.576811514,136.2915625
7/21/2024 23:30,23148.94,23049.229,0.430738878,99.71148437
7/21/2024 23:59,22885.03,22536.016,1.525077201,349.014375
7/22/2024 0:30,22559.59,23065.115,2.240844068,505.5252344
7/22/2024 1:00,22238.5,22791.73,2.487714858,553.2304688
7/22/2024 1:30,22089.23,22681.82,2.682711496,592.5903125
7/22/2024 2:00,21823.11,22388.293,2.589836961,565.1829687
7/22/2024 2:30,21684.79,22303.26,2.852090178,618.4697656
7/22/2024 3:00,21546.08,21945.133,1.85209009,399.0528125
7/22/2024 3:30,21525.06,22038.885,2.387100271,513.8247656
7/22/2024 4:00,21774.2,22165.215,1.795771343,391.0148437
7/22/2024 4:30,22276.27,22671.922,1.776113663,395.651875
7/22/2024 5:00,23070.8,23813.379,3.218695954,742.5789063
7/22/2024 5:30,23816.02,24284.566,1.967358132,468.5464062
7/22/2024 6:00,23722.31,23988.418,1.121762462,266.1079687
7/22/2024 6:30,23556.26,24088.812,2.260768475,532.5525
7/22/2024 7:00,23621.8,24373.672,3.182957586,751.871875
7/22/2024 7:30,24619.31,25022.2,1.636476484,402.8892187
7/22/2024 8:00,25770.7,27352.582,6.138296714,1581.882031
7/22/2024 8:30,26987.49,28323.86,4.951810543,1336.369375
7/22/2024 9:00,27538.19,29119.271,5.741413958,1581.081484
7/22/2024 9:30,27997.14,29761.164,6.300729512,1764.024063
7/22/2024 10:00,28339.16,30153.05,6.400651188,1813.890781
7/22/2024 10:30,28775.8,30437.664,5.775214112,1661.864063
7/22/2024 11:00,28865.06,30468.363,5.554477563,1603.303281
7/22/2024 11:30,28680.49,30400.664,5.997715041,1720.174062
7/22/2024 12:00,27816.7,29745.822,6.935122662,1929.122266
7/22/2024 12:30,27810.45,29747.664,6.965777478,1937.214062
7/22/2024 13:00,28543.41,30804.732,7.922397576,2261.322422
7/22/2024 13:30,29596.26,31535.746,6.553145883,1939.486094
7/22/2024 14:00,29745,31561.275,6.106153608,1816.275391
7/22/2024 14:30,29811.77,31569.906,5.897456776,1758.13625
7/22/2024 15:00,29620.68,31476.86,6.266498186,1856.179375
7/22/2024 15:30,29634.84,31539.809,6.428138616,1904.968594
7/22/2024 16:00,29204.63,30722.312,5.196718808,1517.6825
7/22/2024 16:30,29008.69,30763.818,6.050353737,1755.128359
7/22/2024 17:00,28860.79,30142.232,4.440080891,1281.442422
7/22/2024 17:30,29374.69,30426.797,3.581678224,1052.106875
7/22/2024 18:00,30137.82,30650.365,1.700671231,512.5452344
7/22/2024 18:30,29911.09,30386.178,1.588333071,475.0877344
7/22/2024 19:00,29604.41,30255.809,2.200343103,651.3985938
7/22/2024 19:30,29530.73,30119.734,1.99454729,589.004375
7/22/2024 20:00,29320.45,29911.719,2.016574609,591.26875
7/22/2024 20:30,29032.45,29692.42,2.273214702,659.9699219
7/22/2024 21:00,28515.71,28860.814,1.210225708,345.1044531
7/22/2024 21:30,27969.31,28439.648,1.681623313,470.3384375
7/22/2024 22:00,27248.56,27835.342,2.153441491,586.7817969
7/22/2024 22:30,26729.68,27403.629,2.521350447,673.9489062
7/22/2024 23:00,26002.25,26586.54,2.247071167,584.2890625
7/22/2024 23:30,25634.66,26170.434,2.090035888,535.7735938
7/22/2024 23:59,25133.51,25532.793,1.58864786,399.2829688
