Datetime,Predicted_MW
7/1/2024 23:00,26054.36
7/1/2024 23:30,25496.777
7/1/2024 23:59,25209.06
7/2/2024 0:30,24549.611
7/2/2024 1:00,24316.344
7/2/2024 1:30,24231.037
7/2/2024 2:00,24132.617
7/2/2024 2:30,23883.85
7/2/2024 3:00,23730.88
7/2/2024 3:30,23523.855
7/2/2024 4:00,23531.123
7/2/2024 4:30,23704.465
7/2/2024 5:00,24304.71
7/2/2024 5:30,24827.084
7/2/2024 6:00,25333.656
7/2/2024 6:30,25265.557
7/2/2024 7:00,25134.514
7/2/2024 7:30,25912.354
7/2/2024 8:00,26888.695
7/2/2024 8:30,28016.537
7/2/2024 9:00,28740.414
7/2/2024 9:30,28969.678
7/2/2024 10:00,28954.098
7/2/2024 10:30,29201.47
7/2/2024 11:00,29155.012
7/2/2024 11:30,29134.176
7/2/2024 12:00,28859.098
7/2/2024 12:30,27911.84
7/2/2024 13:00,28058.115
7/2/2024 13:30,28890.12
7/2/2024 14:00,29581.982
7/2/2024 14:30,29202.98
7/2/2024 15:00,29225.777
7/2/2024 15:30,28937.564
7/2/2024 16:00,29130.947
7/2/2024 16:30,28590.807
7/2/2024 17:00,28569.71
7/2/2024 17:30,28490.447
7/2/2024 18:00,29112.604
7/2/2024 18:30,29369.887
7/2/2024 19:00,28797.904
7/2/2024 19:30,28709.977
7/2/2024 20:00,28615.998
7/2/2024 20:30,28251.87
7/2/2024 21:00,28065.74
7/2/2024 21:30,27709.525
7/2/2024 22:00,27170.303
7/2/2024 22:30,26447.13
7/2/2024 23:00,26094.11
7/2/2024 23:30,25549.564
7/2/2024 23:59,25272.797
7/3/2024 0:30,24836.068
7/3/2024 1:00,24547.037
7/3/2024 1:30,24310.598
7/3/2024 2:00,24209.926
7/3/2024 2:30,23883.68
7/3/2024 3:00,23767.275
7/3/2024 3:30,23573.527
7/3/2024 4:00,23588.582
7/3/2024 4:30,23594.205
7/3/2024 5:00,24189.307
7/3/2024 5:30,24789.361
7/3/2024 6:00,25378.336
7/3/2024 6:30,25052.979
7/3/2024 7:00,25111.113
7/3/2024 7:30,25763.861
7/3/2024 8:00,26861.846
7/3/2024 8:30,27887.938
7/3/2024 9:00,28667.22
7/3/2024 9:30,28837.879
7/3/2024 10:00,28881.947
7/3/2024 10:30,29308.764
7/3/2024 11:00,29240.637
7/3/2024 11:30,29178.986
7/3/2024 12:00,29059.701
7/3/2024 12:30,27964.775
7/3/2024 13:00,28408.416
7/3/2024 13:30,29140.877
7/3/2024 14:00,29882.709
7/3/2024 14:30,29494.586
7/3/2024 15:00,29374.65
7/3/2024 15:30,29214.193
7/3/2024 16:00,29379.467
7/3/2024 16:30,28739.998
7/3/2024 17:00,28560.469
7/3/2024 17:30,28544.547
7/3/2024 18:00,29117.922
7/3/2024 18:30,29175.08
7/3/2024 19:00,28598.469
7/3/2024 19:30,28397.605
7/3/2024 20:00,28421.375
7/3/2024 20:30,28187.438
7/3/2024 21:00,27779.959
7/3/2024 21:30,27438.102
7/3/2024 22:00,27006.045
7/3/2024 22:30,26402.033
7/3/2024 23:00,26046.295
7/3/2024 23:30,25404.375
7/3/2024 23:59,25234.51
7/4/2024 0:30,24663.402
7/4/2024 1:00,24395.47
7/4/2024 1:30,24265.172
7/4/2024 2:00,24120.818
7/4/2024 2:30,23862.973
7/4/2024 3:00,23661.564
7/4/2024 3:30,23506.53
7/4/2024 4:00,23552.732
7/4/2024 4:30,23661.135
7/4/2024 5:00,24093.17
7/4/2024 5:30,24793.373
7/4/2024 6:00,25349.021
7/4/2024 6:30,25132.934
7/4/2024 7:00,25068.207
7/4/2024 7:30,25710.951
7/4/2024 8:00,26859.783
7/4/2024 8:30,27922.95
7/4/2024 9:00,28566.121
7/4/2024 9:30,28860.836
7/4/2024 10:00,28895.672
7/4/2024 10:30,29191.824
7/4/2024 11:00,29119.947
7/4/2024 11:30,28957.373
7/4/2024 12:00,28826.467
7/4/2024 12:30,27768.762
7/4/2024 13:00,27926.166
7/4/2024 13:30,28803.684
7/4/2024 14:00,29430.527
7/4/2024 14:30,28963.957
7/4/2024 15:00,28815.373
7/4/2024 15:30,28246.502
7/4/2024 16:00,28677.898
7/4/2024 16:30,28372.502
7/4/2024 17:00,28378.945
7/4/2024 17:30,28319.582
7/4/2024 18:00,28705.56
7/4/2024 18:30,28566.389
7/4/2024 19:00,27970.062
7/4/2024 19:30,27963.115
7/4/2024 20:00,27853.96
7/4/2024 20:30,27523.336
7/4/2024 21:00,27248.146
7/4/2024 21:30,26844.33
7/4/2024 22:00,26247.838
7/4/2024 22:30,25466.514
7/4/2024 23:00,25284.547
7/4/2024 23:30,24682.088
7/4/2024 23:59,24273.12
7/5/2024 0:30,23871.44
7/5/2024 1:00,23596.182
7/5/2024 1:30,23377.004
7/5/2024 2:00,23324.883
7/5/2024 2:30,23204.287
7/5/2024 3:00,22861.299
7/5/2024 3:30,22747.383
7/5/2024 4:00,22787.709
7/5/2024 4:30,22750.49
7/5/2024 5:00,23476.516
7/5/2024 5:30,24030.068
7/5/2024 6:00,24668.436
7/5/2024 6:30,24440.557
7/5/2024 7:00,24307.988
7/5/2024 7:30,24771.773
7/5/2024 8:00,26225.494
7/5/2024 8:30,27036.686
7/5/2024 9:00,27942.143
7/5/2024 9:30,28276.723
7/5/2024 10:00,28485.79
7/5/2024 10:30,28778.172
7/5/2024 11:00,28935.455
7/5/2024 11:30,28562.822
7/5/2024 12:00,27812.838
7/5/2024 12:30,26490.451
7/5/2024 13:00,26545.924
7/5/2024 13:30,28055.498
7/5/2024 14:00,29408.857
7/5/2024 14:30,28728.994
7/5/2024 15:00,28525.225
7/5/2024 15:30,28324.918
7/5/2024 16:00,28432.3
7/5/2024 16:30,27918.475
7/5/2024 17:00,27751.438
7/5/2024 17:30,27805.195
7/5/2024 18:00,28534.197
7/5/2024 18:30,28727.623
7/5/2024 19:00,28118.455
7/5/2024 19:30,27997.158
7/5/2024 20:00,28004.113
7/5/2024 20:30,27614.19
7/5/2024 21:00,27436.035
7/5/2024 21:30,26962.916
7/5/2024 22:00,26503.535
7/5/2024 22:30,25886.271
7/5/2024 23:00,25390.637
7/5/2024 23:30,24846.996
7/5/2024 23:59,24359.295
7/6/2024 0:30,23892.549
7/6/2024 1:00,23719.191
7/6/2024 1:30,23391.412
7/6/2024 2:00,23303.742
7/6/2024 2:30,23143.592
7/6/2024 3:00,22797.113
7/6/2024 3:30,22625.436
7/6/2024 4:00,22638.91
7/6/2024 4:30,22611.41
7/6/2024 5:00,23142.8
7/6/2024 5:30,23560.408
7/6/2024 6:00,23910.037
7/6/2024 6:30,23682.602
7/6/2024 7:00,23263.47
7/6/2024 7:30,23318.895
7/6/2024 8:00,23913.324
7/6/2024 8:30,24739.611
7/6/2024 9:00,25531.467
7/6/2024 9:30,25898.1
7/6/2024 10:00,26080.229
7/6/2024 10:30,26367.504
7/6/2024 11:00,26184.475
7/6/2024 11:30,26029.023
7/6/2024 12:00,25785.812
7/6/2024 12:30,24788.855
7/6/2024 13:00,24525.434
7/6/2024 13:30,24663.682
7/6/2024 14:00,25088.107
7/6/2024 14:30,24773.924
7/6/2024 15:00,24566.453
7/6/2024 15:30,24344.992
7/6/2024 16:00,24480.084
7/6/2024 16:30,24025.55
7/6/2024 17:00,24262.45
7/6/2024 17:30,24580.607
7/6/2024 18:00,25458.162
7/6/2024 18:30,26012.467
7/6/2024 19:00,25559.523
7/6/2024 19:30,25119.566
7/6/2024 20:00,25004.734
7/6/2024 20:30,24678.758
7/6/2024 21:00,24433.422
7/6/2024 21:30,23917.236
7/6/2024 22:00,23445.246
7/6/2024 22:30,22783.371
7/6/2024 23:00,22287.244
7/6/2024 23:30,21804.816
7/6/2024 23:59,21453.72
7/7/2024 0:30,21097.785
7/7/2024 1:00,20814.512
7/7/2024 1:30,20702.316
7/7/2024 2:00,20577.361
7/7/2024 2:30,20452.785
7/7/2024 3:00,20233.629
7/7/2024 3:30,20002.336
7/7/2024 4:00,19949.9
7/7/2024 4:30,20049.148
7/7/2024 5:00,20374.531
7/7/2024 5:30,20716.748
7/7/2024 6:00,21052.568
7/7/2024 6:30,20618.959
7/7/2024 7:00,19932.248
7/7/2024 7:30,19969.055
7/7/2024 8:00,19893.709
7/7/2024 8:30,20378.062
7/7/2024 9:00,20598.578
7/7/2024 9:30,20778.582
7/7/2024 10:00,20794.05
7/7/2024 10:30,21037.03
7/7/2024 11:00,20983.479
7/7/2024 11:30,21043.777
7/7/2024 12:00,21019.824
7/7/2024 12:30,20738.03
7/7/2024 13:00,20804.021
7/7/2024 13:30,20994.424
7/7/2024 14:00,21438.02
7/7/2024 14:30,21313.82
7/7/2024 15:00,21455.404
7/7/2024 15:30,21600.203
7/7/2024 16:00,21899.758
7/7/2024 16:30,22004.625
7/7/2024 17:00,22311.234
7/7/2024 17:30,22493.105
7/7/2024 18:00,23647.662
7/7/2024 18:30,25155.855
7/7/2024 19:00,24927.885
7/7/2024 19:30,24405.348
7/7/2024 20:00,24254.049
7/7/2024 20:30,23938.652
7/7/2024 21:00,23825.943
7/7/2024 21:30,23646.07
7/7/2024 22:00,23112.447
7/7/2024 22:30,22476.71
7/7/2024 23:00,22064.45
7/7/2024 23:30,21776.594
7/7/2024 23:59,21440.816
7/8/2024 0:30,20980.506
7/8/2024 1:00,20874.477
7/8/2024 1:30,20811.668
7/8/2024 2:00,20621.82
7/8/2024 2:30,20442.742
7/8/2024 3:00,20273.668
7/8/2024 3:30,20115.51
7/8/2024 4:00,20147.215
7/8/2024 4:30,20241.658
7/8/2024 5:00,20773.387
7/8/2024 5:30,21465.283
7/8/2024 6:00,22175.225
7/8/2024 6:30,22290.174
7/8/2024 7:00,22695.78
7/8/2024 7:30,23776.107
7/8/2024 8:00,25299.69
7/8/2024 8:30,26559.682
7/8/2024 9:00,27567.678
7/8/2024 9:30,28037.988
7/8/2024 10:00,28253.285
7/8/2024 10:30,28632.932
7/8/2024 11:00,28701.523
7/8/2024 11:30,28670.713
7/8/2024 12:00,28504.744
7/8/2024 12:30,27646.088
7/8/2024 13:00,27742.266
7/8/2024 13:30,28622.973
7/8/2024 14:00,29371.709
7/8/2024 14:30,28781.684
7/8/2024 15:00,28931.072
7/8/2024 15:30,28856.727
7/8/2024 16:00,29052.906
7/8/2024 16:30,28514.725
7/8/2024 17:00,28544.986
7/8/2024 17:30,28420.402
7/8/2024 18:00,28895.682
7/8/2024 18:30,29185.271
7/8/2024 19:00,28649.795
7/8/2024 19:30,28435.77
7/8/2024 20:00,28431.064
7/8/2024 20:30,27876.895
7/8/2024 21:00,27526.217
7/8/2024 21:30,27024.53
7/8/2024 22:00,26520.963
7/8/2024 22:30,25790.158
7/8/2024 23:00,25480.621
7/8/2024 23:30,24746.127
7/8/2024 23:59,24259.586
7/9/2024 0:30,24080.41
7/9/2024 1:00,23895.352
7/9/2024 1:30,23606.766
7/9/2024 2:00,23473.377
7/9/2024 2:30,23396.818
7/9/2024 3:00,23304.752
7/9/2024 3:30,23015.541
7/9/2024 4:00,22994.17
7/9/2024 4:30,22876.936
7/9/2024 5:00,23386.484
7/9/2024 5:30,24111.156
7/9/2024 6:00,24788.213
7/9/2024 6:30,24693.354
7/9/2024 7:00,24668.184
7/9/2024 7:30,25388.996
7/9/2024 8:00,26654.248
7/9/2024 8:30,27648.895
7/9/2024 9:00,28371.838
7/9/2024 9:30,28721.988
7/9/2024 10:00,28813.139
7/9/2024 10:30,29023.473
7/9/2024 11:00,29110.068
7/9/2024 11:30,29078.758
7/9/2024 12:00,28795.822
7/9/2024 12:30,27964.059
7/9/2024 13:00,28224.123
7/9/2024 13:30,29094.736
7/9/2024 14:00,29672.676
7/9/2024 14:30,29319.354
7/9/2024 15:00,29238.834
7/9/2024 15:30,28972.854
7/9/2024 16:00,29270.258
7/9/2024 16:30,28753.076
7/9/2024 17:00,28614.512
7/9/2024 17:30,28610.66
7/9/2024 18:00,29203.898
7/9/2024 18:30,29563.666
7/9/2024 19:00,28967.379
7/9/2024 19:30,28796.775
7/9/2024 20:00,28722.72
7/9/2024 20:30,28445.113
7/9/2024 21:00,28159.01
7/9/2024 21:30,27640.787
7/9/2024 22:00,27210.049
7/9/2024 22:30,26386.738
7/9/2024 23:00,25977.133
7/9/2024 23:30,25364.084
7/9/2024 23:59,24938.406
7/10/2024 0:30,24403.594
7/10/2024 1:00,24134.63
7/10/2024 1:30,23867.098
7/10/2024 2:00,23872.195
7/10/2024 2:30,23648.65
7/10/2024 3:00,23425.512
7/10/2024 3:30,23209.08
7/10/2024 4:00,23372.473
7/10/2024 4:30,23444.814
7/10/2024 5:00,23885.602
7/10/2024 5:30,24466.912
7/10/2024 6:00,25169.559
7/10/2024 6:30,25052.428
7/10/2024 7:00,24898.455
7/10/2024 7:30,25840.482
7/10/2024 8:00,26952.93
7/10/2024 8:30,28136.352
7/10/2024 9:00,28696.902
7/10/2024 9:30,29048.877
7/10/2024 10:00,28982.13
7/10/2024 10:30,29305.232
7/10/2024 11:00,29271.863
7/10/2024 11:30,29194.414
7/10/2024 12:00,28991.697
7/10/2024 12:30,28025.72
7/10/2024 13:00,28288.787
7/10/2024 13:30,29041.91
7/10/2024 14:00,29815.066
7/10/2024 14:30,29349.232
7/10/2024 15:00,29200.707
7/10/2024 15:30,29170.361
7/10/2024 16:00,29236.705
7/10/2024 16:30,28662.273
7/10/2024 17:00,28804.06
7/10/2024 17:30,28450.385
7/10/2024 18:00,29278.514
7/10/2024 18:30,29414.766
7/10/2024 19:00,29011.004
7/10/2024 19:30,28748.584
7/10/2024 20:00,28766.662
7/10/2024 20:30,28445.848
7/10/2024 21:00,28266.486
7/10/2024 21:30,27804.264
7/10/2024 22:00,27302.898
7/10/2024 22:30,26349.12
7/10/2024 23:00,26051.916
7/10/2024 23:30,25403.129
7/10/2024 23:59,25101.078
7/11/2024 0:30,24617.08
7/11/2024 1:00,24277.623
7/11/2024 1:30,24166.314
7/11/2024 2:00,24124.629
7/11/2024 2:30,23962.771
7/11/2024 3:00,23744.752
7/11/2024 3:30,23556.158
7/11/2024 4:00,23489.996
7/11/2024 4:30,23685.99
7/11/2024 5:00,24279.691
7/11/2024 5:30,24705.13
7/11/2024 6:00,25267.83
7/11/2024 6:30,24917.088
7/11/2024 7:00,24620.174
7/11/2024 7:30,25545.428
7/11/2024 8:00,26844.041
7/11/2024 8:30,27860.379
7/11/2024 9:00,28495.072
7/11/2024 9:30,28653.592
7/11/2024 10:00,28855.129
7/11/2024 10:30,29217.72
7/11/2024 11:00,29076.184
7/11/2024 11:30,29215.783
7/11/2024 12:00,28722.459
7/11/2024 12:30,27912.248
7/11/2024 13:00,28174.834
7/11/2024 13:30,28992.273
7/11/2024 14:00,29752.559
7/11/2024 14:30,29219.1
7/11/2024 15:00,29230.875
7/11/2024 15:30,29154.316
7/11/2024 16:00,29295.111
7/11/2024 16:30,28711.092
7/11/2024 17:00,28611.375
7/11/2024 17:30,28472.695
7/11/2024 18:00,29100.098
7/11/2024 18:30,29654.193
7/11/2024 19:00,29061.299
7/11/2024 19:30,28794.127
7/11/2024 20:00,28681.531
7/11/2024 20:30,28279.021
7/11/2024 21:00,28282.709
7/11/2024 21:30,27759.45
7/11/2024 22:00,27045.895
7/11/2024 22:30,26515.195
7/11/2024 23:00,26125.86
7/11/2024 23:30,25408.053
7/11/2024 23:59,24986.736
7/12/2024 0:30,24558.922
7/12/2024 1:00,24352.521
7/12/2024 1:30,24056.107
7/12/2024 2:00,24002.26
7/12/2024 2:30,23717.414
7/12/2024 3:00,23532.771
7/12/2024 3:30,23390.992
7/12/2024 4:00,23445.676
7/12/2024 4:30,23326.371
7/12/2024 5:00,23939.047
7/12/2024 5:30,24521.54
7/12/2024 6:00,24997.268
7/12/2024 6:30,24865.299
7/12/2024 7:00,24744.572
7/12/2024 7:30,25326
7/12/2024 8:00,26492.547
7/12/2024 8:30,27529.637
7/12/2024 9:00,28348.994
7/12/2024 9:30,28685.607
7/12/2024 10:00,28739.89
7/12/2024 10:30,29035.525
7/12/2024 11:00,29090.527
7/12/2024 11:30,28845.45
7/12/2024 12:00,27912.516
7/12/2024 12:30,26693.955
7/12/2024 13:00,26890.098
7/12/2024 13:30,28601.621
7/12/2024 14:00,29568.773
7/12/2024 14:30,28891.676
7/12/2024 15:00,28826.383
7/12/2024 15:30,28728.29
7/12/2024 16:00,28932.994
7/12/2024 16:30,28484.502
7/12/2024 17:00,28380.633
7/12/2024 17:30,28026.81
7/12/2024 18:00,28641.574
7/12/2024 18:30,29233.217
7/12/2024 19:00,28728.586
7/12/2024 19:30,28327.63
7/12/2024 20:00,28397.742
7/12/2024 20:30,27984.557
7/12/2024 21:00,27634.477
7/12/2024 21:30,27188.184
7/12/2024 22:00,26579.016
7/12/2024 22:30,25940.867
7/12/2024 23:00,25541.307
7/12/2024 23:30,25212.143
7/12/2024 23:59,24564.248
7/13/2024 0:30,23953.94
7/13/2024 1:00,23726.727
7/13/2024 1:30,23507.906
7/13/2024 2:00,23429.365
7/13/2024 2:30,23241.14
7/13/2024 3:00,22992.223
7/13/2024 3:30,22727.336
7/13/2024 4:00,22736.744
7/13/2024 4:30,22886.35
7/13/2024 5:00,23269.176
7/13/2024 5:30,23753.865
7/13/2024 6:00,24113.375
7/13/2024 6:30,23704.102
7/13/2024 7:00,23308.203
7/13/2024 7:30,23490.541
7/13/2024 8:00,24137.03
7/13/2024 8:30,25013.088
7/13/2024 9:00,25832.033
7/13/2024 9:30,26138.168
7/13/2024 10:00,26095.363
7/13/2024 10:30,26577.734
7/13/2024 11:00,26556.637
7/13/2024 11:30,26533.223
7/13/2024 12:00,26368.482
7/13/2024 12:30,25588.703
7/13/2024 13:00,25530.41
7/13/2024 13:30,25922.152
7/13/2024 14:00,26452.441
7/13/2024 14:30,26296.77
7/13/2024 15:00,26048.04
7/13/2024 15:30,25791.64
7/13/2024 16:00,25892.074
7/13/2024 16:30,25460.121
7/13/2024 17:00,25425.746
7/13/2024 17:30,25296.506
7/13/2024 18:00,26457.146
7/13/2024 18:30,27615.455
7/13/2024 19:00,27138.086
7/13/2024 19:30,26482.688
7/13/2024 20:00,26467.354
7/13/2024 20:30,26017.545
7/13/2024 21:00,25874.305
7/13/2024 21:30,25191.4
7/13/2024 22:00,24758.697
7/13/2024 22:30,24078.238
7/13/2024 23:00,23644.865
7/13/2024 23:30,23106.1
7/13/2024 23:59,22596.166
7/14/2024 0:30,22215.783
7/14/2024 1:00,22009.67
7/14/2024 1:30,21729.56
7/14/2024 2:00,21457.719
7/14/2024 2:30,21369.945
7/14/2024 3:00,21221.725
7/14/2024 3:30,21195.121
7/14/2024 4:00,21131.73
7/14/2024 4:30,20948.75
7/14/2024 5:00,21280.771
7/14/2024 5:30,21687.613
7/14/2024 6:00,22063.844
7/14/2024 6:30,21789.996
7/14/2024 7:00,21022.285
7/14/2024 7:30,20801.057
7/14/2024 8:00,20995.98
7/14/2024 8:30,21452.531
7/14/2024 9:00,21735.88
7/14/2024 9:30,21988.074
7/14/2024 10:00,22031.287
7/14/2024 10:30,22299.328
7/14/2024 11:00,22445.023
7/14/2024 11:30,22330.771
7/14/2024 12:00,22239.975
7/14/2024 12:30,22066
7/14/2024 13:00,22204.646
7/14/2024 13:30,22364.23
7/14/2024 14:00,22686.988
7/14/2024 14:30,22589.213
7/14/2024 15:00,22646.494
7/14/2024 15:30,22675.55
7/14/2024 16:00,22929.412
7/14/2024 16:30,23104.963
7/14/2024 17:00,23259.049
7/14/2024 17:30,23353.447
7/14/2024 18:00,24458.834
7/14/2024 18:30,26003.682
7/14/2024 19:00,26024.354
7/14/2024 19:30,25274.822
7/14/2024 20:00,25222.336
7/14/2024 20:30,25063.682
7/14/2024 21:00,24928.648
7/14/2024 21:30,24520.072
7/14/2024 22:00,23946.133
7/14/2024 22:30,23400.674
7/14/2024 23:00,23032.027
7/14/2024 23:30,22481.316
7/14/2024 23:59,22049.693
7/15/2024 0:30,21594.383
7/15/2024 1:00,21454.277
7/15/2024 1:30,21270.533
7/15/2024 2:00,21211.018
7/15/2024 2:30,20935.475
7/15/2024 3:00,20741.146
7/15/2024 3:30,20659.346
7/15/2024 4:00,20670.713
7/15/2024 4:30,20823.176
7/15/2024 5:00,21575.99
7/15/2024 5:30,22455.621
7/15/2024 6:00,23369.617
7/15/2024 6:30,23243.914
7/15/2024 7:00,22835.78
7/15/2024 7:30,23347.459
7/15/2024 8:00,24847.615
7/15/2024 8:30,26220.498
7/15/2024 9:00,27022.418
7/15/2024 9:30,27471.629
7/15/2024 10:00,27761.736
7/15/2024 10:30,28204.623
7/15/2024 11:00,28421.201
7/15/2024 11:30,28384.744
7/15/2024 12:00,28088.42
7/15/2024 12:30,27098.451
7/15/2024 13:00,27168.48
7/15/2024 13:30,28350.287
7/15/2024 14:00,29132.008
7/15/2024 14:30,28687.363
7/15/2024 15:00,28738.373
7/15/2024 15:30,28647.646
7/15/2024 16:00,28752.773
7/15/2024 16:30,28266.512
7/15/2024 17:00,28145.984
7/15/2024 17:30,27875.953
7/15/2024 18:00,28504.344
7/15/2024 18:30,28854.43
7/15/2024 19:00,28453.402
7/15/2024 19:30,28260.068
7/15/2024 20:00,28382.746
7/15/2024 20:30,27817.197
7/15/2024 21:00,27607.055
7/15/2024 21:30,27177.799
7/15/2024 22:00,26461.959
7/15/2024 22:30,25803.97
7/15/2024 23:00,25339.07
7/15/2024 23:30,24763.87
7/15/2024 23:59,24279.916
7/16/2024 0:30,23628.38
7/16/2024 1:00,23409.51
7/16/2024 1:30,23311.19
7/16/2024 2:00,23202.27
7/16/2024 2:30,23077.436
7/16/2024 3:00,22937.744
7/16/2024 3:30,22831.02
7/16/2024 4:00,22878.852
7/16/2024 4:30,23061.59
7/16/2024 5:00,23623.916
7/16/2024 5:30,24378.686
7/16/2024 6:00,25009.857
7/16/2024 6:30,24935.365
7/16/2024 7:00,24370.479
7/16/2024 7:30,24786.895
7/16/2024 8:00,25904.543
7/16/2024 8:30,27189.742
7/16/2024 9:00,28034.066
7/16/2024 9:30,28245.295
7/16/2024 10:00,28310.309
7/16/2024 10:30,28706.375
7/16/2024 11:00,28719.594
7/16/2024 11:30,28635.803
7/16/2024 12:00,28441.719
7/16/2024 12:30,27545.508
7/16/2024 13:00,27654.604
7/16/2024 13:30,28607.883
7/16/2024 14:00,29556.385
7/16/2024 14:30,29179.11
7/16/2024 15:00,29124.453
7/16/2024 15:30,29039.795
7/16/2024 16:00,29106.807
7/16/2024 16:30,28774.592
7/16/2024 17:00,28666.053
7/16/2024 17:30,28308.186
7/16/2024 18:00,28922.572
7/16/2024 18:30,29460.639
7/16/2024 19:00,29017.637
7/16/2024 19:30,28687.193
7/16/2024 20:00,28640.904
7/16/2024 20:30,28397.838
7/16/2024 21:00,28117.832
7/16/2024 21:30,27791.316
7/16/2024 22:00,27204.824
7/16/2024 22:30,26534.068
7/16/2024 23:00,26136.73
7/16/2024 23:30,25443.729
7/16/2024 23:59,25137.576
7/17/2024 0:30,24611.084
7/17/2024 1:00,24318.893
7/17/2024 1:30,24175.6
7/17/2024 2:00,24003.982
7/17/2024 2:30,23765.305
7/17/2024 3:00,23590.33
7/17/2024 3:30,23366.127
7/17/2024 4:00,23317.34
7/17/2024 4:30,23418.428
7/17/2024 5:00,24218.71
7/17/2024 5:30,24911.564
7/17/2024 6:00,25547.932
7/17/2024 6:30,25289.416
7/17/2024 7:00,24752.066
7/17/2024 7:30,25120.059
7/17/2024 8:00,26188.078
7/17/2024 8:30,27551.805
7/17/2024 9:00,28364.584
7/17/2024 9:30,28525.48
7/17/2024 10:00,28679.836
7/17/2024 10:30,28905.42
7/17/2024 11:00,29105.562
7/17/2024 11:30,28917.908
7/17/2024 12:00,28637.227
7/17/2024 12:30,27777.404
7/17/2024 13:00,27935.17
7/17/2024 13:30,28922.455
7/17/2024 14:00,29612.14
7/17/2024 14:30,29092.941
7/17/2024 15:00,29159.184
7/17/2024 15:30,28920.234
7/17/2024 16:00,29221.54
7/17/2024 16:30,28735.469
7/17/2024 17:00,28728.924
7/17/2024 17:30,28445.625
7/17/2024 18:00,29213.508
7/17/2024 18:30,29594.19
7/17/2024 19:00,29099.627
7/17/2024 19:30,28856.96
7/17/2024 20:00,28840.402
7/17/2024 20:30,28680.332
7/17/2024 21:00,28412.943
7/17/2024 21:30,27929.443
7/17/2024 22:00,27272.016
7/17/2024 22:30,26442.992
7/17/2024 23:00,26230.242
7/17/2024 23:30,25515.148
7/17/2024 23:59,25192.682
7/18/2024 0:30,24883.23
7/18/2024 1:00,24453.354
7/18/2024 1:30,24098.084
7/18/2024 2:00,24061.771
7/18/2024 2:30,24017.1
7/18/2024 3:00,23842.76
7/18/2024 3:30,23681.104
7/18/2024 4:00,23707.324
7/18/2024 4:30,23813.336
7/18/2024 5:00,24535.514
7/18/2024 5:30,24998.61
7/18/2024 6:00,25833.01
7/18/2024 6:30,25637.104
7/18/2024 7:00,25155.295
7/18/2024 7:30,25674.102
7/18/2024 8:00,26720.164
7/18/2024 8:30,27813.531
7/18/2024 9:00,28535.24
7/18/2024 9:30,28855.969
7/18/2024 10:00,28784.807
7/18/2024 10:30,29027.705
7/18/2024 11:00,29205.586
7/18/2024 11:30,29171.602
7/18/2024 12:00,28772.82
7/18/2024 12:30,27847.59
7/18/2024 13:00,28140.916
7/18/2024 13:30,28949.213
7/18/2024 14:00,29698.645
7/18/2024 14:30,29075.154
7/18/2024 15:00,29225.273
7/18/2024 15:30,29121.182
7/18/2024 16:00,29294.314
7/18/2024 16:30,28799.342
7/18/2024 17:00,28807.484
7/18/2024 17:30,28557.873
7/18/2024 18:00,29227.955
7/18/2024 18:30,29539.346
7/18/2024 19:00,29187.393
7/18/2024 19:30,28853.164
7/18/2024 20:00,28853.277
7/18/2024 20:30,28534.002
7/18/2024 21:00,28291.576
7/18/2024 21:30,27885.697
7/18/2024 22:00,27303.852
7/18/2024 22:30,26578.113
7/18/2024 23:00,26256.125
7/18/2024 23:30,25606.016
7/18/2024 23:59,25235.285
7/19/2024 0:30,24849.592
7/19/2024 1:00,24546.764
7/19/2024 1:30,24377.152
7/19/2024 2:00,24331.7
7/19/2024 2:30,24032.984
7/19/2024 3:00,23953.594
7/19/2024 3:30,23783.467
7/19/2024 4:00,23763.488
7/19/2024 4:30,23909.383
7/19/2024 5:00,24544.154
7/19/2024 5:30,25211.23
7/19/2024 6:00,25900.91
7/19/2024 6:30,25606.98
7/19/2024 7:00,25029.174
7/19/2024 7:30,25671.85
7/19/2024 8:00,26712.922
7/19/2024 8:30,27544.498
7/19/2024 9:00,28471.934
7/19/2024 9:30,28828.98
7/19/2024 10:00,28620.28
7/19/2024 10:30,29245.012
7/19/2024 11:00,29307.8
7/19/2024 11:30,29011.6
7/19/2024 12:00,28166.44
7/19/2024 12:30,26957.025
7/19/2024 13:00,27221.256
7/19/2024 13:30,28862.266
7/19/2024 14:00,29879.03
7/19/2024 14:30,29198.635
7/19/2024 15:00,29153.371
7/19/2024 15:30,29090.473
7/19/2024 16:00,29358.605
7/19/2024 16:30,28927.107
7/19/2024 17:00,28831.61
7/19/2024 17:30,28505.652
7/19/2024 18:00,28915.332
7/19/2024 18:30,29657.898
7/19/2024 19:00,29116.832
7/19/2024 19:30,28612.105
7/19/2024 20:00,28854.648
7/19/2024 20:30,28348.158
7/19/2024 21:00,28031.045
7/19/2024 21:30,27594.297
7/19/2024 22:00,27093.188
7/19/2024 22:30,26307.805
7/19/2024 23:00,25922.709
7/19/2024 23:30,25383.691
7/19/2024 23:59,25030.744
7/20/2024 0:30,24496.027
7/20/2024 1:00,24272.748
7/20/2024 1:30,24008.965
7/20/2024 2:00,23958.756
7/20/2024 2:30,23603.205
7/20/2024 3:00,23473.266
7/20/2024 3:30,23396.193
7/20/2024 4:00,23198.158
7/20/2024 4:30,23241.564
7/20/2024 5:00,23767.69
7/20/2024 5:30,24411.168
7/20/2024 6:00,24951.725
7/20/2024 6:30,24483.006
7/20/2024 7:00,23809.287
7/20/2024 7:30,23756.785
7/20/2024 8:00,24477.416
7/20/2024 8:30,25492.236
7/20/2024 9:00,26101.508
7/20/2024 9:30,26589.854
7/20/2024 10:00,26666.844
7/20/2024 10:30,27038.201
7/20/2024 11:00,26949.059
7/20/2024 11:30,27113.383
7/20/2024 12:00,26978.709
7/20/2024 12:30,26045.38
7/20/2024 13:00,26109.604
7/20/2024 13:30,26472.674
7/20/2024 14:00,27109.05
7/20/2024 14:30,26861.205
7/20/2024 15:00,26649.637
7/20/2024 15:30,26355.926
7/20/2024 16:00,26524.248
7/20/2024 16:30,26231.729
7/20/2024 17:00,26266.027
7/20/2024 17:30,26028.139
7/20/2024 18:00,27136.73
7/20/2024 18:30,28013.875
7/20/2024 19:00,27842.158
7/20/2024 19:30,27298.316
7/20/2024 20:00,27075.291
7/20/2024 20:30,26831.514
7/20/2024 21:00,26622.941
7/20/2024 21:30,26103.047
7/20/2024 22:00,25489.514
7/20/2024 22:30,24804.129
7/20/2024 23:00,24426.932
7/20/2024 23:30,23844.945
7/20/2024 23:59,23491.242
7/21/2024 0:30,23077.615
7/21/2024 1:00,22821.736
7/21/2024 1:30,22483.12
7/21/2024 2:00,22402.555
7/21/2024 2:30,22230.078
7/21/2024 3:00,22094.645
7/21/2024 3:30,21944.672
7/21/2024 4:00,21852.02
7/21/2024 4:30,21815.342
7/21/2024 5:00,22232.848
7/21/2024 5:30,22981.104
7/21/2024 6:00,23340.828
7/21/2024 6:30,22847.781
7/21/2024 7:00,22087.576
7/21/2024 7:30,21836.041
7/21/2024 8:00,21987.312
7/21/2024 8:30,22437.875
7/21/2024 9:00,22739.521
7/21/2024 9:30,22892.43
7/21/2024 10:00,22929.72
7/21/2024 10:30,23312.059
7/21/2024 11:00,23495.674
7/21/2024 11:30,23210.729
7/21/2024 12:00,23206.21
7/21/2024 12:30,23124.094
7/21/2024 13:00,23178.97
7/21/2024 13:30,23424.498
7/21/2024 14:00,23737.312
7/21/2024 14:30,23688.549
7/21/2024 15:00,23777.777
7/21/2024 15:30,23551.586
7/21/2024 16:00,23967.414
7/21/2024 16:30,23929.865
7/21/2024 17:00,24056.426
7/21/2024 17:30,24415.39
7/21/2024 18:00,25403.4
7/21/2024 18:30,26935.564
7/21/2024 19:00,26894.834
7/21/2024 19:30,26298.857
7/21/2024 20:00,26153.07
7/21/2024 20:30,26107.605
7/21/2024 21:00,25939.85
7/21/2024 21:30,25366.828
7/21/2024 22:00,24905.668
7/21/2024 22:30,24258.678
7/21/2024 23:00,23892.535
7/21/2024 23:30,23353.1
7/21/2024 23:59,22876.424
7/22/2024 0:30,22660.264
7/22/2024 1:00,22423.123
7/22/2024 1:30,22137.375
7/22/2024 2:00,22046.488
7/22/2024 2:30,21876.477
7/22/2024 3:00,21787.268
7/22/2024 3:30,21703.264
7/22/2024 4:00,21742.768
7/22/2024 4:30,22014.025
7/22/2024 5:00,22656.652
7/22/2024 5:30,23633.871
7/22/2024 6:00,24529.486
7/22/2024 6:30,24382.596
7/22/2024 7:00,24001.32
7/22/2024 7:30,24441.482
7/22/2024 8:00,25616.277
7/22/2024 8:30,27271.049
7/22/2024 9:00,28145.518
7/22/2024 9:30,28376.22
7/22/2024 10:00,28525.816
7/22/2024 10:30,28840.041
7/22/2024 11:00,29026.914
7/22/2024 11:30,28945.664
7/22/2024 12:00,28664.889
7/22/2024 12:30,27838.32
7/22/2024 13:00,28125.195
7/22/2024 13:30,28977.637
7/22/2024 14:00,29689.396
7/22/2024 14:30,29351.246
7/22/2024 15:00,29433.338
7/22/2024 15:30,29151.703
7/22/2024 16:00,29343.33
7/22/2024 16:30,28807.777
7/22/2024 17:00,28830.98
7/22/2024 17:30,28639.756
7/22/2024 18:00,29264.432
7/22/2024 18:30,29753.135
7/22/2024 19:00,29238.865
7/22/2024 19:30,28886.578
7/22/2024 20:00,28999.719
7/22/2024 20:30,28730.71
7/22/2024 21:00,28429.086
7/22/2024 21:30,27761.295
7/22/2024 22:00,27285.111
7/22/2024 22:30,26541.246
7/22/2024 23:00,26123.594
7/22/2024 23:30,25440.982
7/22/2024 23:59,25180.586
